"","plot","pollID","uniqueID","observer","plantposition","og.plantposition","trmnt","prevtrmnt","flowers","wither_flow","frt_removed","notes.x","eventID"
"1","hi",200520,181,"adr","st1","st1","op",NA,4,5,5,"",100003
"2","hi",200524,182,"kmf","st2","st2","hp",NA,3,7,0,"",100003
"3","hi",200528,183,"kmf","st3","st3","nt",NA,1,3,0,"",100003
"4","hi",200532,184,"kmf","st4","st4","hp",NA,2,5,3,"",100003
"5","hi",200536,185,"kmf","st5","st5","hp",NA,0,10,0,"",100003
"6","hi",200540,186,"kmf","st6","st6","op",NA,0,13,0,"",100003
"7","hi",200544,187,"kmf","st7","st7","op",NA,3,3,0,"",100003
"8","hi",200548,188,"kmf","st8","st8","nt",NA,1,3,0,"",100003
"9","hi",200550,189,"kmf","st9","st9","hp",NA,7,17,0,"",100003
"10","hi",200554,190,"kmf","st10","st10","nt",NA,0,4,0,"",100003
"11","hi",200556,191,"kmf","st11","st11","op",NA,6,11,0,"",100003
"12","hi",200560,192,"kmf","st12","st12","nt",NA,0,6,0,"",100003
"13","hi",200562,193,"kmf","st13","st13","op",NA,5,15,0,"",100003
"14","hi",200566,194,"kmf","st14","st14","nt",NA,0,2,0,"",100003
"15","hi",200568,195,"kmf","st15","st15","hp",NA,4,6,0,"",100003
"16","low",200594,204,"kmf","st24","st24","nt",NA,0,4,0,"",100003
"17","low",200596,205,"kmf","st25","st25","op",NA,5,2,0,"",100003
"18","low",200600,206,"kmf","st26","st26","op",NA,3,4,7,"",100003
"19","low",200602,207,"kmf","st27","st27","nt",NA,4,5,1,"",100003
"20","low",200604,208,"kmf","st28","st28","op",NA,4,2,6,"",100003
"21","low",200572,196,"kmf","st16","st16","hp",NA,5,7,0,"",100003
"22","low",200576,197,"kmf","st17","st17","hp",NA,4,7,0,"",100003
"23","low",200578,198,"kmf","st18","st18","op",NA,8,14,0,"",100003
"24","low",200582,199,"kmf","st19","st19","op",NA,6,6,1,"",100003
"25","low",200584,200,"kmf","st20","st20","nt",NA,1,3,0,"",100003
"26","low",200586,201,"kmf","st21","st21","nt",NA,2,1,0,"",100003
"27","low",200588,202,"kmf","st22","st22","hp",NA,1,4,0,"",100003
"28","low",200590,203,"kmf","st23","st23","hp",NA,6,5,0,"",100003
"29","low",200606,209,"kmf","st29","st29","nt",NA,4,5,0,"",100003
"30","low",200608,210,"kmf","st30","st30","hp",NA,0,5,0,"",100003
"31","hi",200610,211,"adr","wo1","wo1","op",NA,1,3,16,"",100004
"32","hi",200614,212,"adr","wo2","wo2","nt",NA,1,1,0,"",100004
"33","hi",200618,213,"adr","wo3","wo3","hp",NA,3,6,2,"",100004
"34","hi",200622,214,"adr","wo4","wo4","nt",NA,1,1,1,"",100004
"35","hi",200624,215,"adr","wo5","wo5","hp",NA,5,4,6,"",100004
"36","hi",200628,216,"adr","wo6","wo6","hp",NA,7,8,3,"",100004
"37","hi",200632,217,"adr","wo7","wo7","nt",NA,2,3,0,"",100004
"38","hi",200636,218,"adr","wo8","wo8","hp",NA,2,2,0,"",100004
"39","hi",200640,219,"adr","wo9","wo9","nt",NA,0,2,9,"",100004
"40","hi",200644,220,"adr","wo10","wo10","hp",NA,3,2,0,"",100004
"41","hi",200648,221,"adr","wo11","wo11","nt",NA,0,0,7,"",100004
"42","hi",200650,222,"adr","wo12","wo12","op",NA,1,3,0,"",100004
"43","hi",200654,223,"adr","wo13","wo13","op",NA,3,4,3,"",100004
"44","hi",200658,224,"adr","wo14","wo14","op",NA,2,4,0,"",100004
"45","hi",200662,225,"adr","wo15","wo15","op",NA,0,2,0,"",100004
"46","low",200683,234,"adr","wo24","wo24","op",NA,2,0,3,"replaced",100004
"47","low",200685,235,"adr","wo25","wo25","op",NA,2,1,5,"",100004
"48","low",200687,236,"adr","wo26","wo26","op",NA,2,0,7,"",100004
"49","low",200689,237,"adr","wo27","wo27","op",NA,1,5,4,"",100004
"50","low",200691,238,"adr","wo28","wo28","hp",NA,2,2,2,"",100004
"51","low",200664,226,"adr","wo16","wo16","hp",NA,5,15,8,"",100004
"52","low",200668,227,"adr","wo17","wo17","nt",NA,1,5,15,"accidentally marked;herbivory",100004
"53","low",200670,228,"adr","wo18","wo18","hp",NA,2,7,6,"",100004
"54","low",200672,229,"adr","wo19","wo19","nt",NA,0,1,6,"",100004
"55","low",200674,230,"adr","wo20","wo20","nt",NA,0,0,0,"herbivory",100004
"56","low",200675,231,"adr","wo21","wo21","nt",NA,0,1,0,"herbivory",100004
"57","low",200677,232,"adr","wo22","wo22","hp",NA,0,15,0,"",100004
"58","low",200681,233,"adr","wo23","wo23","nt",NA,0,0,3,"herbivory",100004
"59","low",200693,239,"adr","wo29","wo29","hp",NA,3,3,1,"bombus visit",100004
"60","low",200697,240,"adr","wo30","wo30","op",NA,1,3,10,"",100004
"61","hi",200001,1,"adr","br1","br1","op",NA,3,5,27,"",100006
"62","hi",200005,2,"adr","br2","br2","hp",NA,3,3,29,"",100006
"63","hi",200006,3,"adr","br3","br3","hp",NA,6,7,7,"",100006
"64","hi",200010,4,"adr","br4","br4","op",NA,5,0,7,"",100006
"65","hi",200011,5,"adr","br5","br5","nt",NA,0,5,26,"",100006
"66","hi",200015,6,"adr","br6","br6","nt",NA,2,2,8,"",100006
"67","hi",200017,7,"adr","br7","br7","op",NA,8,5,20,"",100006
"68","hi",200021,8,"adr","br8","br8","op",NA,4,3,38,"",100006
"69","hi",200025,9,"adr","br9","br9","hp",NA,5,4,2,"",100006
"70","hi",200026,10,"adr","br10","br10","hp",NA,6,8,46,"",100006
"71","hi",200030,11,"adr","br11","br11","hp",NA,3,11,25,"",100006
"72","hi",200034,12,"adr","br12","br12","nt",NA,0,2,0,"",100006
"73","hi",200036,13,"adr","br13","br13","hp",NA,3,7,19,"",100006
"74","hi",200037,14,"adr","br14","br14","nt",NA,1,2,1,"",100006
"75","hi",200041,15,"adr","br15","br15","op",NA,3,5,27,"",100006
"76","low",200067,24,"adr","br24","br24","op",NA,3,3,10,"",100006
"77","low",200069,25,"adr","br25","br25","nt",NA,1,5,4,"replaced;herbivory",100006
"78","low",200071,26,"adr","br26","br26","hp",NA,1,2,15,"",100006
"79","low",200073,27,"adr","br27","br27","op",NA,6,10,9,"replaced;herbivory",100006
"80","low",200075,28,"adr","br28","br28","nt",NA,0,0,0,"herbivory",100006
"81","low",200045,16,"adr","br16","br16","op",NA,5,6,2,"",100006
"82","low",200047,17,"adr","br17","br17","hp",NA,6,3,9,"",100006
"83","low",200049,18,"adr","br18","br18","nt",NA,0,3,4,"herbivory",100006
"84","low",200051,19,"adr","br19","br19","hp",NA,8,11,9,"",100006
"85","low",200055,20,"adr","br20","br20","hp",NA,2,10,6,"replaced;herbivory",100006
"86","low",200059,21,"adr","br21","br21","nt",NA,2,2,3,"replaced;herbivory",100006
"87","low",200061,22,"adr","br22","br22","hp",NA,1,4,13,"",100006
"88","low",200063,23,"adr","br23","br23","op",NA,4,6,5,"",100006
"89","low",200077,29,"adr","br29","br29","nt",NA,0,1,3,"",100006
"90","low",200079,30,"adr","br30","br30","op",NA,1,7,8,"replaced;herbivory",100006
"91","hi",200168,61,"kmf","ho1","ho1","op",NA,4,10,0,"",100007
"92","hi",200172,62,"kmf","ho2","ho2","op",NA,1,9,26,"",100007
"93","hi",200176,63,"kmf","ho3","ho3","hp",NA,0,15,30,"",100007
"94","hi",200180,64,"kmf","ho4","ho4","op",NA,1,1,14,"",100007
"95","hi",200184,65,"kmf","ho5","ho5","op",NA,4,9,3,"",100007
"96","hi",200188,66,"kmf","ho6","ho6","nt",NA,3,8,1,"",100007
"97","hi",200192,67,"kmf","ho7","ho7","nt",NA,2,5,0,"",100007
"98","hi",200194,68,"kmf","ho8","ho8","op",NA,6,8,0,"",100007
"99","hi",200196,69,"kmf","ho9","ho9","hp",NA,0,18,0,"",100007
"100","hi",200200,70,"kmf","ho10","ho10","nt",NA,2,4,0,"",100007
"101","hi",200202,71,"kmf","ho11","ho11","hp",NA,6,7,12,"",100007
"102","hi",200206,72,"kmf","ho12","ho12","hp",NA,2,9,29,"",100007
"103","hi",200208,73,"kmf","ho13","ho13","nt",NA,4,8,2,"",100007
"104","hi",200210,74,"kmf","ho14","ho14","hp",NA,3,7,5,"",100007
"105","hi",200214,75,"kmf","ho15","ho15","nt",NA,0,14,0,"",100007
"106","low",200238,84,"kmf","ho24","ho24","nt",NA,0,0,0,"",100007
"107","low",200240,85,"kmf","ho25","ho25","hp",NA,4,8,3,"",100007
"108","low",200242,86,"kmf","ho26","ho26","nt",NA,2,4,0,"",100007
"109","low",200244,87,"kmf","ho27","ho27","nt",NA,2,5,1,"",100007
"110","low",200248,88,"kmf","ho28","ho28","op",NA,6,7,5,"",100007
"111","low",200218,76,"kmf","ho16","ho16","op",NA,2,17,18,"",100007
"112","low",200220,77,"kmf","ho17","ho17","hp",NA,3,2,2,"",100007
"113","low",200222,78,"kmf","ho18","ho18","hp",NA,2,7,1,"",100007
"114","low",200226,79,"kmf","ho19","ho19","hp",NA,2,3,4,"",100007
"115","low",200228,80,"kmf","ho20","ho20","hp",NA,2,27,0,"",100007
"116","low",200230,81,"kmf","ho21","ho21","op",NA,3,1,3,"",100007
"117","low",200232,82,"kmf","ho22","ho22","nt",NA,2,2,4,"",100007
"118","low",200234,83,"kmf","ho23","ho23","nt",NA,8,4,14,"",100007
"119","low",200252,89,"kmf","ho29","ho29","op",NA,6,5,0,"",100007
"120","low",200256,90,"kmf","ho30","ho30","op",NA,5,16,1,"",100007
"121","hi",200435,151,"chs","si1","si1","nt",NA,0,1,0,"",100005
"122","hi",200437,152,"chs","si2","si2","nt",NA,0,1,3,"",100005
"123","hi",200439,153,"chs","si3","si3","hp",NA,0,26,7,"",100005
"124","hi",200443,154,"chs","si4","si4","op",NA,2,7,15,"",100005
"125","hi",200447,155,"chs","si5","si5","op",NA,5,8,7,"",100005
"126","hi",200451,156,"chs","si6","si6","hp",NA,4,2,0,"",100005
"127","hi",200455,157,"chs","si7","si7","hp",NA,4,8,11,"sickly; leaves wilty",100005
"128","hi",200457,158,"chs","si8","si8","op",NA,1,15,8,"",100005
"129","hi",200461,159,"chs","si9","si9","hp",NA,5,7,12,"",100005
"130","hi",200465,160,"chs","si10","si10","hp",NA,1,6,8,"",100005
"131","hi",200469,161,"chs","si11","si11","nt",NA,2,7,0,"",100005
"132","hi",200473,162,"chs","si12","si12","nt",NA,3,8,0,"",100005
"133","hi",200477,163,"chs","si13","si13","op",NA,3,9,1,"",100005
"134","hi",200479,164,"chs","si14","si14","op",NA,3,11,1,"",100005
"135","hi",200483,165,"chs","si15","si15","nt",NA,4,4,3,"",100005
"136","low",200510,174,"chs","si24","si24","nt",NA,0,0,0,"",100005
"137","low",200512,175,"chs","si25","si25","op",NA,0,12,0,"",100005
"138","low",200514,176,"chs","si26","si26","hp",NA,5,9,0,"",100005
"139","low",200515,177,"chs","si27","si27","hp",NA,3,11,6,"",100005
"140","low",200516,178,"chs","si28","si28","nt",NA,0,2,5,"",100005
"141","low",200487,166,"chs","si16","si16","hp",NA,2,3,1,"",100005
"142","low",200489,167,"chs","si17","si17","nt",NA,3,6,0,"replaced",100005
"143","low",200491,168,"chs","si18","si18","op",NA,3,2,1,"",100005
"144","low",200495,169,"chs","si19","si19","nt",NA,0,0,0,"",100005
"145","low",200496,170,"chs","si20","si20","hp",NA,0,6,0,"",100005
"146","low",200500,171,"chs","si21","si21","nt",NA,3,11,0,"replaced",100005
"147","low",200504,172,"chs","si22","si22","hp",NA,0,7,0,"",100005
"148","low",200506,173,"chs","si23","si23","op",NA,1,5,0,"",100005
"149","low",200517,179,"chs","si29","si29","op",NA,2,6,19,"",100005
"150","low",200518,180,"chs","si30","si30","op",NA,3,6,4,"",100005
"151","hi",200081,31,"kmf","gr1","gr1","op",NA,4,15,35,"",100008
"152","hi",200085,32,"kmf","gr2","gr2","hp",NA,1,5,11,"",100008
"153","hi",200089,33,"kmf","gr3","gr3","op",NA,2,8,17,"",100008
"154","hi",200091,34,"kmf","gr4","gr4","op",NA,6,14,27,"",100008
"155","hi",200095,35,"kmf","gr5","gr5","hp",NA,2,5,36,"",100008
"156","hi",200099,36,"kmf","gr6","gr6","nt",NA,0,0,5,"",100008
"157","hi",200101,37,"kmf","gr7","gr7","hp",NA,2,10,12,"",100008
"158","hi",200105,38,"kmf","gr8","gr8","nt",NA,0,7,10,"",100008
"159","hi",200107,39,"kmf","gr9","gr9","op",NA,1,7,15,"",100008
"160","hi",200111,40,"kmf","gr10","gr10","op",NA,4,8,7,"",100008
"161","hi",200113,41,"kmf","gr11","gr11","hp",NA,2,14,10,"",100008
"162","hi",200117,42,"kmf","gr12","gr12","nt",NA,NA,NA,NA,"plant eaten; replaced by Alan later that day",100008
"163","hi",200118,43,"kmf","gr13","gr13","nt",NA,0,0,0,"",100008
"164","hi",200122,44,"kmf","gr14","gr14","hp",NA,0,7,5,"",100008
"165","hi",200126,45,"kmf","gr15","gr15","nt",NA,0,7,19,"",100008
"166","low",200148,54,"kmf","gr24","gr24","nt",NA,0,4,13,"",100008
"167","low",200152,55,"kmf","gr25","gr25","op",NA,5,9,24,"",100008
"168","low",200154,56,"kmf","gr26","gr26","hp",NA,1,9,2,"",100008
"169","low",200156,57,"kmf","gr27","gr27","op",NA,3,3,16,"",100008
"170","low",200160,58,"kmf","gr28","gr28","nt",NA,0,3,9,"",100008
"171","low",200128,46,"kmf","gr16","gr16","op",NA,6,10,14,"",100008
"172","low",200132,47,"kmf","gr17","gr17","nt",NA,0,5,8,"",100008
"173","low",200134,48,"kmf","gr18","gr18","op",NA,4,14,16,"",100008
"174","low",200138,49,"kmf","gr19","gr19","hp",NA,2,9,7,"",100008
"175","low",200140,50,"kmf","gr20","gr20","nt",NA,0,3,5,"",100008
"176","low",200142,51,"kmf","gr21","gr21","op",NA,7,10,16,"",100008
"177","low",200144,52,"kmf","gr22","gr22","hp",NA,3,6,10,"",100008
"178","low",200146,53,"kmf","gr23","gr23","hp",NA,2,11,31,"",100008
"179","low",200162,59,"kmf","gr29","gr29","hp",NA,5,11,3,"",100008
"180","low",200166,60,"kmf","gr30","gr30","nt",NA,1,4,10,"",100008
"181","hi",200721,253,"chs","he1","he1","nt",NA,0,3,0,"",100010
"182","hi",200722,254,"chs","he2","he2","nt",NA,0,0,0,"",100010
"183","hi",200723,255,"chs","he3","he3","op",NA,2,3,6,"",100010
"184","hi",200724,256,"chs","he4","he4","nt",NA,0,0,0,"",100010
"185","hi",200725,257,"chs","he5","he5","op",NA,1,2,14,"",100010
"186","hi",200726,258,"chs","he6","he6","hp",NA,0,2,4,"",100010
"187","hi",200727,259,"chs","he7","he7","op",NA,1,2,3,"",100010
"188","hi",200728,260,"chs","he8","he8","hp",NA,9,28,29,"",100010
"189","hi",200729,261,"chs","he9","he9","nt",NA,5,2,0,"",100010
"190","hi",200730,262,"chs","he10","he10","op",NA,4,22,1,"",100010
"191","hi",200731,263,"chs","he11","he11","op",NA,0,3,6,"",100010
"192","hi",200732,264,"chs","he12","he12","hp",NA,2,5,1,"",100010
"193","hi",200733,265,"chs","he13","he13","hp",NA,0,5,4,"",100010
"194","hi",200734,266,"chs","he14","he14","hp",NA,0,1,4,"",100010
"195","hi",200735,267,"chs","he15","he15","nt",NA,0,0,0,"",100010
"196","low",200736,268,"chs","he16","he16","op",NA,8,4,0,"",100010
"197","low",200737,269,"chs","he17","he17","hp",NA,1,3,1,"",100010
"198","low",200738,270,"chs","he18","he18","op",NA,4,7,0,"",100010
"199","low",200739,271,"chs","he19","he19","op",NA,2,9,1,"",100010
"200","low",200740,272,"chs","he20","he20","nt",NA,0,0,1,"",100010
"201","low",200741,273,"chs","he21","he21","op",NA,5,6,0,"",100010
"202","low",200742,274,"chs","he22","he22","nt",NA,1,1,0,"",100010
"203","low",200743,275,"chs","he23","he23","hp",NA,3,6,0,"",100010
"204","low",200744,276,"chs","he24","he24","op",NA,2,2,0,"",100010
"205","low",200745,277,"chs","he25","he25","nt",NA,1,1,0,"",100010
"206","low",200746,278,"chs","he26","he26","nt",NA,1,1,15,"",100010
"207","low",200747,279,"chs","he27","he27","hp",NA,3,10,6,"",100010
"208","low",200748,280,"chs","he28","he28","hp",NA,2,5,4,"",100010
"209","low",200749,281,"chs","he29","he29","nt",NA,3,0,0,"",100010
"210","low",200750,282,"chs","he30","he30","hp",NA,2,2,5,"",100010
"211","hi",200751,283,"adr//aw","ny1","ny1","nt",NA,0,4,1,"",100009
"212","hi",200752,284,"adr//aw","ny2","ny2","op",NA,0,6,0,"",100009
"213","hi",200753,285,"adr//aw","ny3","ny3","op",NA,3,7,2,"",100009
"214","hi",200754,286,"adr//aw","ny4","ny4","hp",NA,1,4,0,"",100009
"215","hi",200755,287,"adr//aw","ny5","ny5","op",NA,3,4,0,"",100009
"216","hi",200756,288,"adr//aw","ny6","ny6","hp",NA,7,14,0,"",100009
"217","hi",200757,289,"adr//aw","ny7","ny7","hp",NA,4,17,10,"",100009
"218","hi",200758,290,"adr//aw","ny8","ny8","nt",NA,1,2,3,"",100009
"219","hi",200759,291,"adr//aw","ny9","ny9","nt",NA,0,4,7,"",100009
"220","hi",200760,292,"adr//aw","ny10","ny10","nt",NA,0,5,5,"",100009
"221","hi",200761,293,"adr//aw","ny11","ny11","op",NA,3,10,6,"",100009
"222","hi",200762,294,"adr//aw","ny12","ny12","op",NA,0,11,11,"",100009
"223","hi",200763,295,"adr//aw","ny13","ny13","hp",NA,5,7,5,"",100009
"224","hi",200764,296,"adr//aw","ny14","ny14","nt",NA,0,3,8,"",100009
"225","hi",200765,297,"adr//aw","ny15","ny15","hp",NA,5,14,4,"",100009
"226","low",200766,298,"adr//aw","ny16","ny16","nt",NA,1,5,11,"",100009
"227","low",200767,299,"adr//aw","ny17","ny17","nt",NA,0,3,4,"",100009
"228","low",200768,300,"adr//aw","ny18","ny18","nt",NA,1,0,1,"",100009
"229","low",200769,301,"adr//aw","ny19","ny19","hp",NA,5,7,10,"",100009
"230","low",200770,302,"adr//aw","ny20","ny20","op",NA,2,3,7,"",100009
"231","low",200771,303,"adr//aw","ny21","ny21","nt",NA,0,5,6,"",100009
"232","low",200772,304,"adr//aw","ny22","ny22","hp",NA,3,8,2,"",100009
"233","low",200773,305,"adr//aw","ny23","ny23","op",NA,1,3,2,"",100009
"234","low",200774,306,"adr//aw","ny24","ny24","op",NA,3,12,9,"",100009
"235","low",200775,307,"adr//aw","ny25","ny25","hp",NA,7,2,5,"",100009
"236","low",200776,308,"adr//aw","ny26","ny26","nt",NA,1,2,2,"",100009
"237","low",200777,309,"adr//aw","ny27","ny27","op",NA,2,5,9,"",100009
"238","low",200778,310,"adr//aw","ny28","ny28","op",NA,3,10,3,"",100009
"239","low",200779,311,"adr//aw","ny29","ny29","hp",NA,2,4,3,"",100009
"240","low",200780,312,"adr//aw","ny30","ny30","hp",NA,1,7,12,"",100009
"241","hi",200259,91,"kmf","ne1","ne1","hp",NA,3,3,15,"",100011
"242","hi",200271,94,"kmf","ne4","ne4","nt",NA,1,1,8,"",100011
"243","hi",200275,95,"kmf","ne5","ne5","hp",NA,3,5,15,"",100011
"244","hi",200263,92,"kmf","ne2","ne2","op",NA,1,11,20,"",100011
"245","hi",200267,93,"kmf","ne3","ne3","hp",NA,1,3,21,"",100011
"246","low",200315,106,"kmf","ne16","ne16","nt",NA,0,3,0,"",100011
"247","low",200317,107,"kmf","ne17","ne17","op",NA,1,2,0,"",100011
"248","low",200319,108,"kmf","ne18","ne18","hp",NA,2,5,17,"",100011
"249","low",200321,109,"kmf","ne19","ne19","hp",NA,0,0,10,"",100011
"250","low",200323,110,"kmf","ne20","ne20","nt",NA,0,3,1,"",100011
"251","low",200325,111,"kmf","ne21","ne21","op",NA,0,1,9,"",100011
"252","low",200327,112,"kmf","ne22","ne22","nt",NA,1,2,3,"",100011
"253","low",200329,113,"kmf","ne23","ne23","hp",NA,2,3,11,"",100011
"254","low",200331,114,"kmf","ne24","ne24","op",NA,1,1,2,"",100011
"255","low",200335,115,"kmf","ne25","ne25","op",NA,0,2,5,"",100011
"256","low",200337,116,"kmf","ne26","ne26","hp",NA,0,0,3,"",100011
"257","low",200339,117,"kmf","ne27","ne27","nt",NA,2,3,7,"",100011
"258","low",200341,118,"kmf","ne28","ne28","op",NA,0,2,8,"",100011
"259","low",200343,119,"kmf","ne29","ne29","nt",NA,1,4,2,"",100011
"260","low",200345,120,"kmf","ne30","ne30","hp",NA,0,0,3,"",100011
"261","hi",200291,99,"kmf","ne9","ne9","op",NA,0,1,10,"",100011
"262","hi",200295,100,"kmf","ne10","ne10","op",NA,5,5,10,"",100011
"263","hi",200299,101,"kmf","ne11","ne11","nt",NA,0,3,5,"",100011
"264","hi",200303,102,"kmf","ne12","ne12","nt",NA,0,2,7,"",100011
"265","hi",200305,103,"kmf","ne13","ne13","nt",NA,0,0,3,"",100011
"266","hi",200309,104,"kmf","ne14","ne14","op",NA,1,3,22,"",100011
"267","hi",200313,105,"kmf","ne15","ne15","nt",NA,0,4,1,"",100011
"268","hi",200283,97,"kmf","ne7","ne7","hp",NA,0,3,15,"",100011
"269","hi",200287,98,"kmf","ne8","ne8","op",NA,0,3,19,"",100011
"270","hi",200279,96,"kmf","ne6","ne6","hp",NA,3,2,9,"",100011
"271","hi",200349,121,"adr","ru1","ru1","nt",NA,3,5,0,"",100012
"272","hi",200361,124,"adr","ru4","ru4","nt",NA,2,2,5,"",100012
"273","hi",200366,126,"adr","ru6","ru6","hp",NA,5,4,8,"",100012
"274","hi",200353,122,"adr","ru2","ru2","hp",NA,3,4,3,"",100012
"275","hi",200357,123,"adr","ru3","ru3","nt",NA,0,2,0,"",100012
"276","low",200404,136,"adr","ru16","ru16","nt",NA,0,0,0,"",100012
"277","low",200406,137,"adr","ru17","ru17","op",NA,3,1,4,"",100012
"278","low",200408,138,"adr","ru18","ru18","nt",NA,1,2,2,"",100012
"279","low",200410,139,"adr","ru19","ru19","nt",NA,3,5,7,"",100012
"280","low",200412,140,"adr","ru20","ru20","op",NA,1,3,9,"",100012
"281","low",200414,141,"adr","ru21","ru21","nt",NA,1,1,8,"",100012
"282","low",200416,142,"adr","ru22","ru22","op",NA,3,8,18,"",100012
"283","low",200418,143,"adr","ru23","ru23","hp",NA,2,5,28,"",100012
"284","low",200420,144,"adr","ru24","ru24","hp",NA,2,2,12,"",100012
"285","low",200422,145,"adr","ru25","ru25","hp",NA,2,3,3,"",100012
"286","low",200424,146,"adr","ru26","ru26","hp",NA,6,8,12,"",100012
"287","low",200426,147,"adr","ru27","ru27","hp",NA,2,4,11,"",100012
"288","low",200430,148,"adr","ru28","ru28","nt",NA,2,0,1,"",100012
"289","low",200432,149,"adr","ru29","ru29","op",NA,3,2,17,"",100012
"290","low",200434,150,"adr","ru30","ru30","op",NA,6,0,9,"",100012
"291","hi",200382,130,"adr","ru10","ru10","op",NA,4,5,1,"",100012
"292","hi",200386,131,"adr","ru11","ru11","nt",NA,0,0,0,"",100012
"293","hi",200390,132,"adr","ru12","ru12","op",NA,4,1,4,"",100012
"294","hi",200394,133,"adr","ru13","ru13","hp",NA,6,1,3,"",100012
"295","hi",200398,134,"adr","ru14","ru14","nt",NA,1,2,2,"",100012
"296","hi",200400,135,"adr","ru15","ru15","op",NA,2,6,8,"",100012
"297","hi",200712,246,"adr","ru5","ru5","hp",NA,7,4,15,"replaced",100012
"298","hi",200374,128,"adr","ru8","ru8","op",NA,2,3,2,"",100012
"299","hi",200378,129,"adr","ru9","ru9","op",NA,2,2,9,"",100012
"300","hi",200370,127,"adr","ru7","ru7","hp",NA,2,2,16,"",100012
"301","hi",200002,1,"adr","br1","br1","op",NA,1,1,17,"",100013
"302","hi",200016,6,"adr","br6","br6","nt",NA,0,2,7,"",100013
"303","hi",200018,7,"adr","br7","br7","op",NA,1,4,21,"has rd1 frt",100013
"304","hi",200007,3,"adr","br3","br3","hp",NA,3,7,24,"has rd1 frt",100013
"305","hi",200012,5,"adr","br5","br5","nt",NA,0,2,9,"",100013
"306","low",200046,16,"adr","br16","br16","op",NA,1,6,17,"",100013
"307","low",200048,17,"adr","br17","br17","nt","hp",0,0,0,"swapped from hp to nt",100013
"308","low",200050,18,"adr","br18","br18","hp","nt",1,1,4,"swapped from nt to hp",100013
"309","low",200052,19,"adr","br19","br19","hp",NA,0,0,6,"has rd1 frt",100013
"310","low",200056,20,"adr","br20","br20","hp",NA,3,1,7,"has rd1 frt",100013
"311","low",200060,21,"adr","br21","br21","nt",NA,0,0,0,"",100013
"312","low",200062,22,"adr","br22","br22","hp",NA,0,0,6,"no rd1 frt",100013
"313","low",200064,23,"adr","br23","br23","op",NA,1,11,24,"",100013
"314","low",200068,24,"adr","br24","br24","op",NA,0,2,7,"has rd1 frt; sick looking",100013
"315","low",200070,25,"adr","br25","br25","hp","nt",2,2,10,"swapped from nt to hp",100013
"316","low",200072,26,"adr","br26","br26","nt","hp",0,0,3,"swapped from hp to nt",100013
"317","low",200074,27,"adr","br27","br27","op",NA,4,4,33,"",100013
"318","low",200076,28,"adr","br28","br28","nt",NA,0,0,0,"",100013
"319","low",200078,29,"adr","br29","br29","nt",NA,0,1,1,"",100013
"320","low",200080,30,"adr","br30","br30","op",NA,0,0,3,"no rd1 fruit",100013
"321","hi",200035,12,"adr","br12","br12","nt",NA,0,0,2,"",100013
"322","hi",200038,14,"adr","br14","br14","nt",NA,0,6,12,"",100013
"323","hi",200042,15,"adr","br15","br15","op",NA,0,1,10,"has rd1 frt",100013
"324","hi",200699,241,"adr","br2","br2","hp",NA,3,5,4,"replaced; pref marked as 2 flowers but notes indicated painted later",100013
"325","hi",200702,242,"adr","br4","br4","op",NA,1,3,42,"replaced",100013
"326","hi",200705,243,"adr","br9","br9","hp",NA,3,1,17,"replaced",100013
"327","hi",200706,243,"adr","br13","br13","hp",NA,2,0,6,"replaced",100013
"328","hi",200027,10,"adr","br10","br10","hp",NA,0,1,3,"herbivory?",100013
"329","hi",200031,11,"adr","br11","br11","hp",NA,0,7,27,"herbivory?",100013
"330","hi",200022,8,"adr","br8","br8","op",NA,0,2,2,"has rd1 frt",100013
"331","hi",200521,181,"kmf","st1","st1","op",NA,2,1,8,"",100014
"332","hi",200533,184,"kmf","st4","st4","hp",NA,1,5,10,"",100014
"333","hi",200537,185,"kmf","st5","st5","hp",NA,0,5,4,"replaced 8/22",100014
"334","hi",200525,182,"kmf","st2","st2","hp",NA,7,6,11,"",100014
"335","hi",200529,183,"kmf","st3","st3","nt",NA,0,0,0,"",100014
"336","low",200573,196,"kmf","st16","st16","hp",NA,0,26,18,"some paint visible",100014
"337","low",200577,197,"kmf","st17","st17","hp",NA,3,2,19,"no paint",100014
"338","low",200579,198,"kmf","st18","st18","op",NA,0,6,6,"",100014
"339","low",200583,199,"kmf","st19","st19","op",NA,0,2,11,"herbivory",100014
"340","low",200585,200,"kmf","st20","st20","nt",NA,1,0,8,"",100014
"341","low",200587,201,"kmf","st21","st21","nt",NA,3,4,8,"",100014
"342","low",200589,202,"kmf","st22","st22","hp",NA,1,2,11,"herbivory",100014
"343","low",200591,203,"kmf","st23","st23","hp",NA,5,2,4,"",100014
"344","low",200595,204,"kmf","st24","st24","nt",NA,0,0,3,"",100014
"345","low",200597,205,"kmf","st25","st25","op",NA,2,2,3,"",100014
"346","low",200601,206,"kmf","st26","st26","op",NA,0,2,12,"",100014
"347","low",200603,207,"kmf","st27","st27","nt",NA,0,2,19,"",100014
"348","low",200605,208,"kmf","st28","st28","op",NA,0,2,15,"",100014
"349","low",200607,209,"kmf","st29","st29","nt",NA,0,5,14,"",100014
"350","low",200609,210,"kmf","st30","st30","hp",NA,0,3,5,"",100014
"351","hi",200551,189,"kmf","st9","st9","hp",NA,7,2,29,"no paint",100014
"352","hi",200555,190,"kmf","st10","st10","nt",NA,0,2,6,"",100014
"353","hi",200557,191,"kmf","st11","st11","op",NA,5,7,11,"",100014
"354","hi",200561,192,"kmf","st12","st12","nt",NA,0,1,2,"",100014
"355","hi",200563,193,"kmf","st13","st13","op",NA,0,16,17,"",100014
"356","hi",200567,194,"kmf","st14","st14","nt",NA,0,1,4,"",100014
"357","hi",200569,195,"kmf","st15","st15","hp",NA,7,2,1,"no paint",100014
"358","hi",200545,187,"kmf","st7","st7","op",NA,0,0,10,"",100014
"359","hi",200549,188,"kmf","st8","st8","nt",NA,3,1,11,"",100014
"360","hi",200541,186,"kmf","st6","st6","op",NA,0,2,25,"",100014
"361","hi",200611,211,"adr","wo1","wo1","op",NA,1,0,3,"",100015
"362","hi",200623,214,"adr","wo4","wo4","nt",NA,0,1,4,"",100015
"363","hi",200625,215,"adr","wo5","wo5","hp",NA,1,3,6,"",100015
"364","hi",200615,212,"adr","wo2","wo2","nt",NA,2,5,2,"",100015
"365","hi",200619,213,"adr","wo3","wo3","hp",NA,6,23,27,"",100015
"366","low",200665,226,"adr","wo16","wo16","hp",NA,2,5,43,"",100015
"367","low",200669,227,"adr","wo17","wo17","nt",NA,1,1,3,"",100015
"368","low",200671,228,"adr","wo18","wo18","hp",NA,0,0,19,"",100015
"369","low",200673,229,"adr","wo19","wo19","nt",NA,1,0,5,"",100015
"370","low",200676,231,"adr","wo21","wo21","nt",NA,0,0,2,"",100015
"371","low",200678,232,"adr","wo22","wo22","hp",NA,7,1,25,"",100015
"372","low",200682,233,"adr","wo23","wo23","nt",NA,0,2,4,"",100015
"373","low",200684,234,"adr","wo24","wo24","op",NA,4,3,23,"",100015
"374","low",200686,235,"adr","wo25","wo25","op",NA,1,0,3,"",100015
"375","low",200688,236,"adr","wo26","wo26","op",NA,2,1,25,"",100015
"376","low",200690,237,"adr","wo27","wo27","op",NA,0,3,21,"",100015
"377","low",200692,238,"adr","wo28","wo28","hp",NA,3,3,18,"",100015
"378","low",200694,239,"adr","wo29","wo29","hp",NA,2,2,14,"",100015
"379","low",200698,240,"adr","wo30","wo30","op",NA,0,2,13,"",100015
"380","low",200720,252,"adr","wo20","wo20","nt",NA,1,1,2,"replaced",100015
"381","hi",200641,219,"adr","wo9","wo9","nt",NA,1,1,6,"",100015
"382","hi",200645,220,"adr","wo10","wo10","hp",NA,1,2,12,"bee visit",100015
"383","hi",200649,221,"adr","wo11","wo11","nt",NA,1,0,1,"",100015
"384","hi",200651,222,"adr","wo12","wo12","op",NA,4,0,16,"",100015
"385","hi",200655,223,"adr","wo13","wo13","op",NA,0,1,3,"",100015
"386","hi",200659,224,"adr","wo14","wo14","op",NA,0,1,5,"",100015
"387","hi",200663,225,"adr","wo15","wo15","op",NA,5,0,13,"",100015
"388","hi",200633,217,"adr","wo7","wo7","nt",NA,0,2,3,"",100015
"389","hi",200637,218,"adr","wo8","wo8","hp",NA,1,2,12,"",100015
"390","hi",200629,216,"adr","wo6","wo6","hp",NA,0,3,28,"",100015
"391","hi",200082,31,"kmf","gr1","gr1","op",NA,2,5,37,"",100017
"392","hi",200092,34,"kmf","gr4","gr4","op",NA,0,8,36,"",100017
"393","hi",200096,35,"kmf","gr5","gr5","hp",NA,3,19,20,"",100017
"394","hi",200086,32,"kmf","gr2","gr2","hp",NA,3,5,20,"",100017
"395","hi",200090,33,"kmf","gr3","gr3","op",NA,0,1,20,"",100017
"396","low",200129,46,"kmf","gr16","gr16","op",NA,0,6,14,"",100017
"397","low",200133,47,"kmf","gr17","gr17","nt",NA,1,3,12,"",100017
"398","low",200135,48,"kmf","gr18","gr18","op",NA,4,1,18,"",100017
"399","low",200139,49,"kmf","gr19","gr19","hp",NA,1,1,22,"",100017
"400","low",200141,50,"kmf","gr20","gr20","nt",NA,1,0,0,"",100017
"401","low",200143,51,"kmf","gr21","gr21","op",NA,0,19,22,"",100017
"402","low",200145,52,"kmf","gr22","gr22","hp",NA,1,5,17,"",100017
"403","low",200147,53,"kmf","gr23","gr23","hp",NA,1,1,9,"",100017
"404","low",200149,54,"kmf","gr24","gr24","nt",NA,1,1,8,"",100017
"405","low",200153,55,"kmf","gr25","gr25","op",NA,0,3,20,"",100017
"406","low",200155,56,"kmf","gr26","gr26","hp",NA,0,3,18,"",100017
"407","low",200157,57,"kmf","gr27","gr27","op",NA,5,2,22,"",100017
"408","low",200161,58,"kmf","gr28","gr28","nt",NA,0,1,0,"",100017
"409","low",200163,59,"kmf","gr29","gr29","hp",NA,1,7,36,"",100017
"410","low",200167,60,"kmf","gr30","gr30","nt",NA,3,2,15,"",100017
"411","hi",200108,39,"kmf","gr9","gr9","op",NA,2,6,19,"",100017
"412","hi",200112,40,"kmf","gr10","gr10","op",NA,0,1,7,"",100017
"413","hi",200114,41,"kmf","gr11","gr11","hp",NA,5,15,26,"",100017
"414","hi",200119,43,"kmf","gr13","gr13","nt",NA,1,3,16,"",100017
"415","hi",200123,44,"kmf","gr14","gr14","hp",NA,4,8,12,"",100017
"416","hi",200127,45,"kmf","gr15","gr15","nt",NA,2,5,8,"",100017
"417","hi",200709,245,"kmf","gr12","gr12","nt",NA,0,2,11,"",100017
"418","hi",200102,37,"kmf","gr7","gr7","hp",NA,2,8,15,"",100017
"419","hi",200106,38,"kmf","gr8","gr8","nt",NA,0,5,9,"",100017
"420","hi",200100,36,"kmf","gr6","gr6","nt",NA,2,2,3,"",100017
"421","hi",200436,151,"adr","si1","si1","nt",NA,1,0,0,"",100016
"422","hi",200444,154,"adr","si4","si4","op",NA,0,0,14,"",100016
"423","hi",200448,155,"adr","si5","si5","op",NA,1,7,22,"",100016
"424","hi",200438,152,"adr","si2","si2","nt",NA,0,1,2,"",100016
"425","hi",200440,153,"adr","si3","si3","hp",NA,2,1,60,"",100016
"426","low",200488,166,"adr","si16","si16","nt","hp",1,1,4,"",100016
"427","low",200490,167,"adr","si17","si17","hp","nt",3,7,20,"",100016
"428","low",200492,168,"adr","si18","si18","op",NA,1,3,0,"",100016
"429","low",200497,170,"adr","si20","si20","hp",NA,1,21,49,"",100016
"430","low",200501,171,"adr","si21","si21","hp",NA,2,22,44,"",100016
"431","low",200505,172,"adr","si22","si22","hp",NA,0,1,7,"",100016
"432","low",200507,173,"adr","si23","si23","op",NA,8,5,18,"",100016
"433","low",200511,174,"adr","si29","si24","nt","op",0,0,0,"replaced w/ si24",100016
"434","low",200513,175,"adr","si25","si25","op",NA,0,8,25,"",100016
"435","low",200519,180,"adr","si30","si30","op",NA,0,1,0,"",100016
"436","low",200715,247,"adr","si19","si19","nt",NA,2,0,4,"replaced",100016
"437","low",200716,248,"adr","si24","si24","hp",NA,0,0,5,"replaced",100016
"438","low",200717,249,"adr","si26","si26","op",NA,0,0,2,"replaced",100016
"439","low",200718,250,"adr","si27","si27","nt",NA,0,0,0,"replaced",100016
"440","low",200719,251,"adr","si28","si28","nt",NA,0,0,7,"replaced",100016
"441","hi",200462,159,"adr","si9","si9","hp",NA,2,8,34,"",100016
"442","hi",200466,160,"adr","si10","si10","hp",NA,0,14,35,"",100016
"443","hi",200470,161,"adr","si11","si11","nt",NA,1,1,13,"",100016
"444","hi",200474,162,"adr","si12","si12","nt",NA,1,2,25,"",100016
"445","hi",200478,163,"adr","si13","si13","op",NA,0,2,25,"",100016
"446","hi",200480,164,"adr","si14","si14","op",NA,3,6,40,"",100016
"447","hi",200484,165,"adr","si15","si15","nt",NA,1,2,15,"",100016
"448","hi",200456,157,"adr","si7","si7","hp",NA,0,0,24,"",100016
"449","hi",200458,158,"adr","si8","si8","op",NA,2,9,69,"",100016
"450","hi",200452,156,"adr","si6","si6","hp",NA,5,8,23,"",100016
"451","hi",200169,61,"kmf","ho1","ho1","op",NA,1,3,19,"2 lfwp",100018
"452","hi",200181,64,"kmf","ho4","ho4","op",NA,0,0,0,"1 lfwp",100018
"453","hi",200185,65,"kmf","ho5","ho5","op",NA,2,6,15,"4fwp",100018
"454","hi",200173,62,"kmf","ho2","ho2","op",NA,0,1,17,"1fwp",100018
"455","hi",200177,63,"kmf","ho3","ho3","hp",NA,0,1,34,"",100018
"456","low",200219,76,"kmf","ho16","ho16","op",NA,0,12,41,"2fwp",100018
"457","low",200221,77,"kmf","ho17","ho17","hp",NA,0,6,12,"3fwp",100018
"458","low",200223,78,"kmf","ho18","ho18","hp",NA,0,1,12,"1fwp//1 lfwp",100018
"459","low",200227,79,"kmf","ho19","ho19","hp",NA,0,5,15,"2fwp",100018
"460","low",200229,80,"kmf","ho20","ho20","hp",NA,0,8,23,"1fwp",100018
"461","low",200231,81,"kmf","ho21","ho21","op",NA,2,1,6,"3fwp",100018
"462","low",200233,82,"kmf","ho22","ho22","nt",NA,1,3,5,"",100018
"463","low",200235,83,"kmf","ho23","ho23","nt",NA,2,0,15,"",100018
"464","low",200239,84,"kmf","ho24","ho24","nt",NA,1,2,0,"",100018
"465","low",200241,85,"kmf","ho25","ho25","hp",NA,0,1,9,"3fwp",100018
"466","low",200243,86,"kmf","ho26","ho26","nt",NA,2,8,9,"",100018
"467","low",200245,87,"kmf","ho27","ho27","nt",NA,0,4,7,"",100018
"468","low",200249,88,"kmf","ho28","ho28","op",NA,0,7,15,"6 lfwp",100018
"469","low",200253,89,"kmf","ho29","ho29","op",NA,1,2,2,"5fwp//1 lfwp",100018
"470","low",200257,90,"kmf","ho30","ho30","op",NA,0,1,21,"3fwp//2 lfwp",100018
"471","hi",200197,69,"kmf","ho9","ho9","hp",NA,0,12,25,"",100018
"472","hi",200201,70,"kmf","ho10","ho10","nt",NA,0,0,16,"",100018
"473","hi",200203,71,"kmf","ho11","ho11","hp",NA,0,3,14,"6fwp",100018
"474","hi",200207,72,"kmf","ho12","ho12","hp",NA,0,3,24,"2fwp",100018
"475","hi",200209,73,"kmf","ho13","ho13","nt",NA,0,4,24,"",100018
"476","hi",200211,74,"kmf","ho14","ho14","hp",NA,1,15,14,"3fwp",100018
"477","hi",200215,75,"kmf","ho15","ho15","nt",NA,0,22,32,"",100018
"478","hi",200193,67,"kmf","ho7","ho7","nt",NA,0,0,10,"",100018
"479","hi",200195,68,"kmf","ho8","ho8","op",NA,0,8,6,"2fwp",100018
"480","hi",200189,66,"kmf","ho6","ho6","nt",NA,1,10,20,"",100018
"481","hi",200093,34,"adr","gr4","gr4","op",NA,1,0,10,"",100021
"482","hi",200083,31,"adr","gr1","gr1","op",NA,0,0,6,"",100021
"483","hi",200087,32,"adr","gr2","gr2","hp",NA,0,0,3,"",100021
"484","hi",200115,41,"adr","gr11","gr11","hp",NA,0,3,22,"",100021
"485","hi",200120,43,"adr","gr13","gr13","op","nt",1,0,12,"",100021
"486","hi",200124,44,"adr","gr14","gr14","hp",NA,2,1,14,"",100021
"487","hi",200130,46,"adr","gr6","gr16","op","op",1,0,3,"",100021
"488","hi",200136,48,"adr","gr8","gr18","hp","op",0,1,4,"",100021
"489","hi",200150,54,"adr","gr3","gr24","hp","nt",2,0,1,"",100021
"490","hi",200158,57,"adr","gr10","gr27","op","op",0,0,2,"",100021
"491","hi",200164,59,"adr","gr15","gr29","hp","nt",4,0,1,"",100021
"492","hi",200710,245,"adr","gr12","gr12","op","nt",0,0,6,"",100021
"493","hi",200097,35,"adr","gr5","gr5","hp",NA,0,0,15,"",100021
"494","hi",200103,37,"adr","gr7","gr7","hp",NA,0,0,9,"",100021
"495","hi",200109,39,"adr","gr9","gr9","op",NA,0,0,6,"",100021
"496","hi",200178,63,"adr","ho3","ho3","hp",NA,0,0,1,"",100019
"497","hi",200170,61,"adr","ho1","ho1","op",NA,3,2,7,"",100019
"498","hi",200174,62,"adr","ho2","ho2","op",NA,0,0,1,"",100019
"499","hi",200198,69,"adr","ho9","ho9","hp",NA,5,2,13,"",100019
"500","hi",200204,71,"adr","ho11","ho11","hp",NA,1,0,3,"",100019
"501","hi",200212,74,"adr","ho14","ho14","hp",NA,3,0,15,"1 rd 1 frt pulled= 11/11 or 12/12",100019
"502","hi",200216,75,"adr","ho15","ho15","hp","nt",4,0,10,"",100019
"503","hi",200224,78,"adr","ho12","ho18","hp","hp",1,1,3,"ho18 rd1/2",100019
"504","hi",200236,83,"adr","ho7","ho23","hp","nt",3,0,6,"ho23 rd1/2",100019
"505","hi",200246,87,"adr","ho8","ho27","op",NA,0,0,7,"",100019
"506","hi",200250,88,"adr","ho13","ho28","hp","op ",2,1,8,"ho28 rd1/2",100019
"507","hi",200254,89,"adr","ho10","ho29","op","op ",1,0,8,"ho29 rd1/2",100019
"508","hi",200182,64,"adr","ho4","ho4","op",NA,0,0,0,"",100019
"509","hi",200186,65,"adr","ho5","ho5","op",NA,1,1,9,"",100019
"510","hi",200190,66,"adr","ho6","ho6","op","nt",3,1,8,"",100019
"511","hi",200358,123,"kmf","ru3","ru3","op","nt",3,2,7,"",100020
"512","hi",200350,121,"kmf","ru1","ru1","op","nt",0,3,15,"check rudningen labels!!!",100020
"513","hi",200354,122,"kmf","ru2","ru2","hp",NA,2,11,14,"had dbl labeling",100020
"514","hi",200375,128,"kmf","ru8","ru8","op",NA,0,1,9,"had dbl labeling",100020
"515","hi",200379,129,"kmf","ru9","ru9","op",NA,2,3,8,"",100020
"516","hi",200383,130,"kmf","ru10","ru10","op",NA,2,4,14,"",100020
"517","hi",200387,131,"kmf","ru11","ru11","hp","nt",3,2,6,"",100020
"518","hi",200391,132,"kmf","ru12","ru12","op",NA,2,3,8,"had dbl labeling",100020
"519","hi",200395,133,"kmf","ru13","ru13","hp",NA,5,6,33,"had dbl labeling",100020
"520","hi",200401,135,"kmf","ru15","ru15","op","op",2,0,15,"",100020
"521","hi",200427,147,"kmf","ru14","ru27","hp",NA,3,7,27,"",100020
"522","hi",200713,246,"kmf","ru5","ru5","hp",NA,2,0,10,"",100020
"523","hi",200362,124,"kmf","ru4","ru4","hp","nt",3,5,14,"",100020
"524","hi",200367,126,"kmf","ru6","ru6","hp",NA,1,5,13,"",100020
"525","hi",200371,127,"kmf","ru7","ru7","hp",NA,0,7,9,"",100020
"526","hi",200620,213,"kmf","wo3","wo3","hp",NA,6,7,3,"",100022
"527","hi",200612,211,"kmf","wo1","wo1","op",NA,2,0,2,"",100022
"528","hi",200616,212,"kmf","wo2","wo2","op","nt",1,6,13,"",100022
"529","hi",200638,218,"kmf","wo8","wo8","hp",NA,1,0,1,"",100022
"530","hi",200642,219,"kmf","wo9","wo9","op","nt",1,3,0,"",100022
"531","hi",200646,220,"kmf","wo10","wo10","hp",NA,0,1,1,"",100022
"532","hi",200652,222,"kmf","wo12","wo12","op",NA,2,5,4,"",100022
"533","hi",200656,223,"kmf","wo13","wo13","op",NA,0,3,2,"",100022
"534","hi",200660,224,"kmf","wo14","wo14","op",NA,6,7,6,"",100022
"535","hi",200666,226,"kmf","wo15","wo16","hp","hp",7,6,9,"",100022
"536","hi",200679,232,"kmf","wo11","wo22","op","nt",5,12,2,"",100022
"537","hi",200695,239,"kmf","wo4","wo29","hp","hp",3,1,5,"",100022
"538","hi",200626,215,"kmf","wo5","wo5","hp",NA,4,3,19,"",100022
"539","hi",200630,216,"kmf","wo6","wo6","hp",NA,4,0,7,"",100022
"540","hi",200634,217,"kmf","wo7","wo7","hp","nt",1,3,5,"",100022
"541","hi",200013,5,"kmf","br5","br5","op","nt",4,1,8,"",100024
"542","hi",200003,1,"kmf","br1","br1","op",NA,2,2,6,"",100024
"543","hi",200008,3,"kmf","br3","br3","hp",NA,3,4,22,"possibly herbivory",100024
"544","hi",200032,11,"kmf","br11","br11","hp",NA,7,1,28,"",100024
"545","hi",200039,14,"kmf","br14","br14","op","nt",3,4,18,"",100024
"546","hi",200043,15,"kmf","br15","br15","op",NA,3,3,2,"",100024
"547","hi",200053,19,"kmf","br13","br19","hp","hp",1,1,4,"br19 rd1/2",100024
"548","hi",200057,20,"kmf","br6","br20","hp","hp",3,5,16,"br20 rd1/2",100024
"549","hi",200065,23,"kmf","br12","br23","hp","op",1,1,14,"br23 OP rd1/2",100024
"550","hi",200700,241,"kmf","br2","br2","hp",NA,1,0,7,"replaced rd2",100024
"551","hi",200703,242,"kmf","br4","br4","op",NA,2,2,15,"",100024
"552","hi",200707,243,"kmf","br9","br9","hp",NA,4,2,17,"",100024
"553","hi",200019,7,"kmf","br7","br7","op",NA,3,1,18,"",100024
"554","hi",200023,8,"kmf","br8","br8","op",NA,6,8,7,"",100024
"555","hi",200028,10,"kmf","br10","br10","hp",NA,5,1,6,"",100024
"556","hi",200268,93,"kmf","ne3","ne3","hp",NA,3,9,26,"",100025
"557","hi",200260,91,"kmf","ne1","ne1","hp",NA,0,4,19,"Check if any replaced; yellow",100025
"558","hi",200264,92,"kmf","ne2","ne2","op",NA,0,4,33,"",100025
"559","hi",200284,97,"kmf","ne7","ne7","hp",NA,0,3,14,"",100025
"560","hi",200288,98,"kmf","ne8","ne8","op",NA,0,3,11,"",100025
"561","hi",200292,99,"kmf","ne9","ne9","op",NA,0,3,11,"",100025
"562","hi",200296,100,"kmf","ne10","ne10","op",NA,2,2,21,"",100025
"563","hi",200300,101,"kmf","ne11","ne11","hp","nt",7,8,17,"",100025
"564","hi",200306,103,"kmf","ne13","ne13","hp","nt",1,5,7,"",100025
"565","hi",200310,104,"kmf","ne14","ne14","op",NA,0,4,26,"",100025
"566","hi",200332,114,"kmf","ne15","ne24","hp","op",10,3,21,"",100025
"567","hi",200346,120,"kmf","ne12","ne30","op","hp",3,0,1,"",100025
"568","hi",200272,94,"kmf","ne4","ne4","op","nt",1,6,8,"",100025
"569","hi",200276,95,"kmf","ne5","ne5","hp",NA,0,0,12,"",100025
"570","hi",200280,96,"kmf","ne6","ne6","hp",NA,2,2,24,"",100025
"571","hi",200449,155,"adr","si5","si5","op",NA,2,3,5,"",100023
"572","hi",200441,153,"adr","si3","si3","hp",NA,3,3,8,"",100023
"573","hi",200445,154,"adr","si4","si4","op",NA,1,4,10,"",100023
"574","hi",200467,160,"adr","si10","si10","hp","hp",1,3,15,"",100023
"575","hi",200471,161,"adr","si11","si11","hp","nt",0,0,6,"",100023
"576","hi",200475,162,"adr","si12","si12","hp","nt",0,0,5,"",100023
"577","hi",200481,164,"adr","si14","si14","op",NA,0,0,5,"",100023
"578","hi",200485,165,"adr","si15","si15","op","nt",0,0,8,"",100023
"579","hi",200493,168,"adr","si1","si18","op","op",2,3,1,"",100023
"580","hi",200498,170,"adr","si7","si20","hp","hp",2,9,9,"",100023
"581","hi",200502,171,"adr","si2","si21","hp","hp",3,5,6,"",100023
"582","hi",200508,173,"adr","si13","si23","op","op",2,3,6,"",100023
"583","hi",200453,156,"adr","si6","si6","hp",NA,2,3,11,"",100023
"584","hi",200459,158,"adr","si8","si8","op","op",1,2,19,"",100023
"585","hi",200463,159,"adr","si9","si9","hp","hp",1,2,5,"",100023
"586","hi",200530,183,"adr","st3","st3","op","nt",1,1,3,"",100026
"587","hi",200522,181,"adr","st1","st1","op",NA,0,2,2,"",100026
"588","hi",200526,182,"adr","st2","st2","hp",NA,1,1,6,"",100026
"589","hi",200546,187,"adr","st7","st7","op",NA,5,5,11,"",100026
"590","hi",200552,189,"adr","st9","st9","hp",NA,3,3,11,"",100026
"591","hi",200558,191,"adr","st11","st11","op",NA,2,1,14,"",100026
"592","hi",200564,193,"adr","st13","st13","op",NA,2,0,24,"",100026
"593","hi",200570,195,"adr","st15","st15","hp",NA,0,0,14,"",100026
"594","hi",200574,196,"adr","st12","st16","hp","hp",4,0,39,"",100026
"595","hi",200580,198,"adr","st8","st18","op","op",10,9,11,"",100026
"596","hi",200592,203,"adr","st14","st23","hp","hp",6,3,6,"",100026
"597","hi",200598,205,"adr","st10","st25","hp","op",1,3,10,"",100026
"598","hi",200534,184,"adr","st4","st4","hp",NA,0,2,8,"",100026
"599","hi",200538,185,"adr","st5","st5","hp",NA,0,0,2,"",100026
"600","hi",200542,186,"adr","st6","st6","op",NA,0,0,7,"",100026
"601","hi",200258,91,"kmf","ne1","ne1","hp",NA,3,6,7,"",100001
"602","hi",200262,92,"kmf","ne2","ne2","op",NA,8,6,8,"",100001
"603","hi",200266,93,"kmf","ne3","ne3","hp",NA,7,3,8,"",100001
"604","hi",200270,94,"kmf","ne4","ne4","nt",NA,1,2,3,"",100001
"605","hi",200274,95,"kmf","ne5","ne5","hp",NA,3,5,0,"",100001
"606","hi",200278,96,"kmf","ne6","ne6","hp",NA,6,3,0,"",100001
"607","hi",200282,97,"kmf","ne7","ne7","hp",NA,4,3,5,"",100001
"608","hi",200286,98,"kmf","ne8","ne8","op",NA,5,7,0,"",100001
"609","hi",200290,99,"kmf","ne9","ne9","op",NA,3,3,12,"",100001
"610","hi",200294,100,"kmf","ne10","ne10","op",NA,3,1,0,"",100001
"611","hi",200298,101,"kmf","ne11","ne11","nt",NA,3,6,0,"",100001
"612","hi",200302,102,"kmf","ne12","ne12","nt",NA,1,5,0,"",100001
"613","hi",200304,103,"kmf","ne13","ne13","nt",NA,0,1,0,"",100001
"614","hi",200308,104,"kmf","ne14","ne14","op",NA,4,12,0,"",100001
"615","hi",200312,105,"kmf","ne15","ne15","nt",NA,0,4,0,"",100001
"616","low",200330,114,"kmf","ne24","ne24","op",NA,4,3,0,"",100001
"617","low",200334,115,"kmf","ne25","ne25","op",NA,4,7,0,"",100001
"618","low",200336,116,"kmf","ne26","ne26","hp",NA,3,2,1,"",100001
"619","low",200338,117,"kmf","ne27","ne27","nt",NA,1,2,0,"",100001
"620","low",200340,118,"kmf","ne28","ne28","op",NA,3,7,0,"",100001
"621","low",200314,106,"kmf","ne16","ne16","nt",NA,0,2,0,"",100001
"622","low",200316,107,"kmf","ne17","ne17","op",NA,1,1,0,"",100001
"623","low",200318,108,"kmf","ne18","ne18","hp",NA,3,3,0,"",100001
"624","low",200320,109,"kmf","ne19","ne19","hp",NA,10,6,0,"",100001
"625","low",200322,110,"kmf","ne20","ne20","nt",NA,0,5,9,"",100001
"626","low",200324,111,"kmf","ne21","ne21","op",NA,1,5,0,"",100001
"627","low",200326,112,"kmf","ne22","ne22","nt",NA,2,6,0,"",100001
"628","low",200328,113,"kmf","ne23","ne23","hp",NA,3,4,0,"",100001
"629","low",200342,119,"kmf","ne29","ne29","nt",NA,0,0,0,"",100001
"630","low",200344,120,"kmf","ne30","ne30","hp",NA,6,7,2,"",100001
"631","hi",200348,121,"adr","ru1","ru1","nt",NA,1,2,0,"",100002
"632","hi",200352,122,"adr","ru2","ru2","hp",NA,3,5,0,"",100002
"633","hi",200356,123,"adr","ru3","ru3","nt",NA,1,1,0,"",100002
"634","hi",200360,124,"adr","ru4","ru4","nt",NA,1,5,4,"",100002
"635","hi",200364,125,"adr","ru5","ru5","hp",NA,0,3,0,"",100002
"636","hi",200365,126,"adr","ru6","ru6","hp",NA,8,16,12,"",100002
"637","hi",200369,127,"adr","ru7","ru7","hp",NA,2,12,5,"",100002
"638","hi",200373,128,"adr","ru8","ru8","op",NA,1,1,0,"",100002
"639","hi",200377,129,"adr","ru9","ru9","op",NA,3,2,2,"",100002
"640","hi",200381,130,"adr","ru10","ru10","op",NA,4,4,3,"",100002
"641","hi",200385,131,"adr","ru11","ru11","nt",NA,0,3,0,"",100002
"642","hi",200389,132,"adr","ru12","ru12","op",NA,3,3,0,"",100002
"643","hi",200393,133,"adr","ru13","ru13","hp",NA,8,3,0,"",100002
"644","hi",200397,134,"adr","ru14","ru14","nt",NA,1,0,0,"",100002
"645","hi",200399,135,"adr","ru15","ru15","op",NA,4,5,2,"",100002
"646","low",200419,144,"adr","ru24","ru24","hp",NA,2,4,0,"",100002
"647","low",200421,145,"adr","ru25","ru25","hp",NA,1,0,0,"",100002
"648","low",200423,146,"adr","ru26","ru26","hp",NA,4,3,0,"",100002
"649","low",200425,147,"adr","ru27","ru27","hp",NA,4,3,5,"",100002
"650","low",200429,148,"adr","ru28","ru28","nt",NA,0,3,3,"",100002
"651","low",200403,136,"adr","ru16","ru16","nt",NA,2,1,3,"",100002
"652","low",200405,137,"adr","ru17","ru17","op",NA,2,2,9,"",100002
"653","low",200407,138,"adr","ru18","ru18","nt",NA,1,2,1,"",100002
"654","low",200409,139,"adr","ru19","ru19","nt",NA,1,4,0,"",100002
"655","low",200411,140,"adr","ru20","ru20","op",NA,1,2,1,"",100002
"656","low",200413,141,"adr","ru21","ru21","nt",NA,2,0,12,"",100002
"657","low",200415,142,"adr","ru22","ru22","op",NA,9,12,0,"",100002
"658","low",200417,143,"adr","ru23","ru23","hp",NA,4,3,0,"",100002
"659","low",200431,149,"adr","ru29","ru29","op",NA,4,8,10,"",100002
"660","low",200433,150,"adr","ru30","ru30","op",NA,2,3,2,"",100002
"661","hi",200708,243,"kmf","br9","br9","hp",NA,5,1,5,"",100028
"662","hi",200029,10,"kmf","br10","br10","hp",NA,3,10,4,"",100028
"663","hi",200033,11,"kmf","br11","br11","hp",NA,1,7,8,"",100028
"664","hi",200040,14,"kmf","br14","br14","op","nt",2,3,8,"",100028
"665","hi",200044,15,"kmf","br15","br15","op",NA,2,7,10,"",100028
"666","hi",200054,19,"kmf","br13","br19","hp","hp",1,2,9,"br19 rd1/2",100028
"667","hi",200058,20,"kmf","br6","br20","hp","hp",0,21,12,"",100028
"668","hi",200066,23,"kmf","br12","br23","hp","op",0,0,2,"br23 OP rd1/2",100028
"669","hi",200701,241,"kmf","br2","br2","hp",NA,4,1,1,"",100028
"670","hi",200704,242,"kmf","br4","br4","op",NA,6,6,6,"",100028
"671","hi",200004,1,"kmf","br1","br1","op",NA,1,3,5,"",100028
"672","hi",200009,3,"kmf","br3","br3","hp",NA,0,3,8,"",100028
"673","hi",200014,5,"kmf","br5","br5","op","nt",2,22,16,"",100028
"674","hi",200020,7,"kmf","br7","br7","op",NA,0,3,1,"",100028
"675","hi",200024,8,"kmf","br8","br8","op",NA,0,18,19,"",100028
"676","hi",200347,120,"kmf","ne12","ne30","op","hp",7,18,18,"",100029
"677","hi",200281,96,"kmf","ne6","ne6","hp",NA,1,4,6,"",100029
"678","hi",200285,97,"kmf","ne7","ne7","hp",NA,4,7,2,"",100029
"679","hi",200289,98,"kmf","ne8","ne8","op",NA,4,5,3,"",100029
"680","hi",200293,99,"kmf","ne9","ne9","op",NA,2,9,5,"",100029
"681","hi",200297,100,"kmf","ne10","ne10","op",NA,0,3,1,"",100029
"682","hi",200301,101,"kmf","ne11","ne11","hp","nt",4,14,19,"",100029
"683","hi",200307,103,"kmf","ne13","ne13","hp","nt",3,4,6,"",100029
"684","hi",200311,104,"kmf","ne14","ne14","op",NA,0,3,8,"",100029
"685","hi",200333,114,"kmf","ne15","ne24","hp","op",9,7,22,"",100029
"686","hi",200261,91,"kmf","ne1","ne1","hp",NA,0,0,4,"yellow & blue",100029
"687","hi",200265,92,"kmf","ne2","ne2","op",NA,0,0,5,"",100029
"688","hi",200269,93,"kmf","ne3","ne3","hp",NA,3,10,11,"",100029
"689","hi",200273,94,"kmf","ne4","ne4","op","nt",0,0,10,"",100029
"690","hi",200277,95,"kmf","ne5","ne5","hp",NA,0,0,0,"",100029
"691","hi",200509,173,"adr","si13","si23","op",NA,2,1,10,"",100027
"692","hi",200464,159,"adr","si9","si9","hp",NA,4,1,3,"",100027
"693","hi",200468,160,"adr","si10","si10","hp",NA,1,3,10,"",100027
"694","hi",200472,161,"adr","si11","si11","hp",NA,4,1,8,"",100027
"695","hi",200476,162,"adr","si12","si12","hp",NA,0,0,1,"",100027
"696","hi",200482,164,"adr","si14","si14","op",NA,1,0,2,"",100027
"697","hi",200486,165,"adr","si15","si15","op",NA,2,1,4,"",100027
"698","hi",200494,168,"adr","si1","si18","op",NA,0,3,11,"",100027
"699","hi",200499,170,"adr","si7","si20","hp",NA,9,7,48,"",100027
"700","hi",200503,171,"adr","si2","si21","hp",NA,1,11,33,"",100027
"701","hi",200442,153,"adr","si3","si3","hp",NA,3,0,16,"",100027
"702","hi",200446,154,"adr","si4","si4","op",NA,11,6,18,"",100027
"703","hi",200450,155,"adr","si5","si5","op",NA,3,5,7,"",100027
"704","hi",200454,156,"adr","si6","si6","hp",NA,1,1,12,"",100027
"705","hi",200460,158,"adr","si8","si8","op",NA,3,1,10,"",100027
"706","hi",200599,205,"adr","st10","st25","hp","op",2,4,7,"",100030
"707","hi",200543,186,"adr","st6","st6","op",NA,0,4,5,"",100030
"708","hi",200547,187,"adr","st7","st7","op",NA,3,1,8,"",100030
"709","hi",200553,189,"adr","st9","st9","hp",NA,1,3,6,"",100030
"710","hi",200559,191,"adr","st11","st11","op",NA,1,2,6,"",100030
"711","hi",200565,193,"adr","st13","st13","op",NA,0,1,7,"",100030
"712","hi",200571,195,"adr","st15","st15","hp",NA,1,0,2,"",100030
"713","hi",200575,196,"adr","st12","st16","hp","hp",2,1,13,"",100030
"714","hi",200581,198,"adr","st8","st18","op","op",3,9,37,"",100030
"715","hi",200593,203,"adr","st14","st23","hp","hp",3,6,11,"",100030
"716","hi",200523,181,"adr","st1","st1","op",NA,4,0,5,"",100030
"717","hi",200527,182,"adr","st2","st2","hp",NA,4,9,12,"",100030
"718","hi",200531,183,"adr","st3","st3","op","nt",2,1,4,"",100030
"719","hi",200535,184,"adr","st4","st4","hp",NA,1,3,8,"",100030
"720","hi",200539,185,"adr","st5","st5","hp",NA,0,0,1,"",100030
"721","hi",200711,245,"adr","gr12","gr12","op","nt",1,0,0,"",100033
"722","hi",200110,39,"adr","gr9","gr9","op",NA,4,0,3,"",100033
"723","hi",200116,41,"adr","gr11","gr11","hp",NA,0,0,3,"",100033
"724","hi",200121,43,"adr","gr13","gr13","op","nt",1,0,0,"",100033
"725","hi",200125,44,"adr","gr14","gr14","hp",NA,0,3,7,"",100033
"726","hi",200131,46,"adr","gr6","gr16","op","op",0,3,5,"",100033
"727","hi",200137,48,"adr","gr8","gr18","hp","op",1,1,8,"",100033
"728","hi",200151,54,"adr","gr3","gr24","hp","nt",3,6,14,"",100033
"729","hi",200159,57,"adr","gr10","gr27","op","op",3,1,1,"",100033
"730","hi",200165,59,"adr","gr15","gr29","hp","nt",0,0,6,"",100033
"731","hi",200084,31,"adr","gr1","gr1","op",NA,0,0,1,"",100033
"732","hi",200088,32,"adr","gr2","gr2","hp",NA,1,3,2,"",100033
"733","hi",200094,34,"adr","gr4","gr4","op",NA,0,0,1,"",100033
"734","hi",200098,35,"adr","gr5","gr5","hp",NA,6,9,16,"",100033
"735","hi",200104,37,"adr","gr7","gr7","hp",NA,0,0,0,"",100033
"736","hi",200255,89,"adr","ho10","ho29","op","op ",3,0,8,"",100031
"737","hi",200191,66,"adr","ho6","ho6","op","nt",1,0,8,"",100031
"738","hi",200199,69,"adr","ho9","ho9","hp",NA,5,1,16,"flowers very small maybe sterile",100031
"739","hi",200205,71,"adr","ho11","ho11","hp",NA,1,0,0,"",100031
"740","hi",200213,74,"adr","ho14","ho14","hp",NA,2,0,5,"small closed flowers",100031
"741","hi",200217,75,"adr","ho15","ho15","hp","nt",0,0,12,"",100031
"742","hi",200225,78,"adr","ho12","ho18","hp","hp",4,2,19,"",100031
"743","hi",200237,83,"adr","ho7","ho23","hp","nt",1,1,11,"",100031
"744","hi",200247,87,"adr","ho8","ho8","op",NA,0,2,21,"paint possibly washed off",100031
"745","hi",200251,88,"adr","ho13","ho28","hp","op ",5,0,17,"abrt rd 3 possibly missing",100031
"746","hi",200171,61,"adr","ho1","ho1","op",NA,0,1,10,"",100031
"747","hi",200175,62,"adr","ho2","ho2","op",NA,2,1,11,"",100031
"748","hi",200179,63,"adr","ho3","ho3","hp",NA,12,5,23,"some flowers very small; previously marked as 11 but  fruit petioles indicate 12 were painted; highly likely flowers were miscounted given # of flowers on plant and their size",100031
"749","hi",200183,64,"adr","ho4","ho4","op",NA,4,7,11,"",100031
"750","hi",200187,65,"adr","ho5","ho5","op",NA,0,0,2,"",100031
"751","hi",200714,246,"kmf","ru5","ru5","hp",NA,2,2,6,"",100032
"752","hi",200372,127,"kmf","ru7","ru7","hp",NA,3,11,17,"",100032
"753","hi",200376,128,"kmf","ru8","ru8","op",NA,3,1,5,"had dbl labeling",100032
"754","hi",200380,129,"kmf","ru9","ru9","op",NA,0,5,16,"",100032
"755","hi",200384,130,"kmf","ru10","ru10","op",NA,0,0,4,"",100032
"756","hi",200388,131,"kmf","ru11","ru11","hp","nt",4,5,9,"",100032
"757","hi",200392,132,"kmf","ru12","ru12","op",NA,0,2,6,"had dbl labeling",100032
"758","hi",200396,133,"kmf","ru13","ru13","hp",NA,1,4,33,"had dbl labeling",100032
"759","hi",200402,135,"kmf","ru15","ru15","op","op",0,5,8,"",100032
"760","hi",200428,147,"kmf","ru14","ru27","hp","hp",0,2,18,"",100032
"761","hi",200351,121,"kmf","ru1","ru1","op","nt",0,0,4,"",100032
"762","hi",200355,122,"kmf","ru2","ru2","hp",NA,3,4,38,"had dbl labeling",100032
"763","hi",200359,123,"kmf","ru3","ru3","op","nt",2,2,5,"",100032
"764","hi",200363,124,"kmf","ru4","ru4","hp","nt",0,0,10,"",100032
"765","hi",200368,126,"kmf","ru6","ru6","hp",NA,5,10,16,"",100032
"766","hi",200696,239,"kmf","wo4","wo29","hp","hp",1,6,6,"",100034
"767","hi",200635,217,"kmf","wo7","wo7","hp","nt",0,8,6,"",100034
"768","hi",200639,218,"kmf","wo8","wo8","hp",NA,1,3,5,"",100034
"769","hi",200643,219,"kmf","wo9","wo9","op","nt",0,5,3,"",100034
"770","hi",200647,220,"kmf","wo10","wo10","hp",NA,1,0,2,"",100034
"771","hi",200653,222,"kmf","wo12","wo12","op",NA,0,4,2,"",100034
"772","hi",200657,223,"kmf","wo13","wo13","op",NA,6,4,6,"",100034
"773","hi",200661,224,"kmf","wo14","wo14","op",NA,9,9,13,"",100034
"774","hi",200667,226,"kmf","wo15","wo16","hp","hp",14,8,17,"",100034
"775","hi",200680,232,"kmf","wo11","wo22","op","nt",11,11,17,"",100034
"776","hi",200613,211,"kmf","wo1","wo1","op",NA,2,4,9,"",100034
"777","hi",200617,212,"kmf","wo2","wo2","op","nt",1,5,7,"",100034
"778","hi",200621,213,"kmf","wo3","wo3","hp",NA,1,12,19,"",100034
"779","hi",200627,215,"kmf","wo5","wo5","hp",NA,4,1,14,"",100034
"780","hi",200631,216,"kmf","wo6","wo6","hp",NA,3,0,5,"",100034
