pollID,ID,site,observer,date,position,round,plantID,prevplantID,og.plantposition,plot,trmnt,prevtrmnt,flowers,wither_flow,frt_removed,notes
200001,1,braaten,adr,8/12/2017,1,1,br1,NA,br1,hi,op,NA,3,5,27,
200002,1,braaten,adr,8/20/2017,1,2,br1,NA,br1,hi,op,NA,1,1,17,
200003,1,braaten,kmf,8/31/2017,1,3,br1,NA,br1,hi,op,NA,2,2,6,
200004,1,braaten,kmf,9/6/2017,1,4,br1,NA,br1,hi,op,NA,1,3,5,
200005,2,braaten,adr,8/12/2017,2,1,br2,NA,br2,hi,hp,NA,3,3,29,
200006,3,braaten,adr,8/12/2017,3,1,br3,NA,br3,hi,hp,NA,6,7,7,
200007,3,braaten,adr,8/20/2017,3,2,br3,NA,br3,hi,hp,NA,3,7,24,has rd1 frt
200008,3,braaten,kmf,8/31/2017,3,3,br3,NA,br3,hi,hp,NA,3,4,22,possibly herbivory
200009,3,braaten,kmf,9/6/2017,3,4,br3,NA,br3,hi,hp,NA,0,3,8,
200010,4,braaten,adr,8/12/2017,4,1,br4,NA,br4,hi,op,NA,5,0,7,
200011,5,braaten,adr,8/12/2017,5,1,br5,NA,br5,hi,nt,NA,0,5,26,
200012,5,braaten,adr,8/20/2017,5,2,br5,NA,br5,hi,nt,NA,0,2,9,
200013,5,braaten,kmf,8/31/2017,5,3,br5,NA,br5,hi,op,nt,4,1,8,
200014,5,braaten,kmf,9/6/2017,5,4,br5,NA,br5,hi,op,nt,2,22,16,
200015,6,braaten,adr,8/12/2017,6,1,br6,NA,br6,hi,nt,NA,2,2,8,
200016,6,braaten,adr,8/20/2017,6,2,br6,NA,br6,hi,nt,NA,0,2,7,
200017,7,braaten,adr,8/12/2017,7,1,br7,NA,br7,hi,op,NA,8,5,20,
200018,7,braaten,adr,8/20/2017,7,2,br7,NA,br7,hi,op,NA,1,4,21,has rd1 frt
200019,7,braaten,kmf,8/31/2017,7,3,br7,NA,br7,hi,op,NA,3,1,18,
200020,7,braaten,kmf,9/6/2017,7,4,br7,NA,br7,hi,op,NA,0,3,1,
200021,8,braaten,adr,8/12/2017,8,1,br8,NA,br8,hi,op,NA,4,3,38,
200022,8,braaten,adr,8/20/2017,8,2,br8,NA,br8,hi,op,NA,0,2,2,has rd1 frt
200023,8,braaten,kmf,8/31/2017,8,3,br8,NA,br8,hi,op,NA,6,8,7,
200024,8,braaten,kmf,9/6/2017,8,4,br8,NA,br8,hi,op,NA,0,18,19,
200025,9,braaten,adr,8/12/2017,9,1,br9,NA,br9,hi,hp,NA,5,4,2,
200026,10,braaten,adr,8/12/2017,10,1,br10,NA,br10,hi,hp,NA,6,8,46,
200027,10,braaten,adr,8/20/2017,10,2,br10,NA,br10,hi,hp,NA,0,1,3,herbivory?
200028,10,braaten,kmf,8/31/2017,10,3,br10,NA,br10,hi,hp,NA,5,1,6,
200029,10,braaten,kmf,9/6/2017,10,4,br10,NA,br10,hi,hp,NA,3,10,4,
200030,11,braaten,adr,8/12/2017,11,1,br11,NA,br11,hi,hp,NA,3,11,25,
200031,11,braaten,adr,8/20/2017,11,2,br11,NA,br11,hi,hp,NA,0,7,27,herbivory?
200032,11,braaten,kmf,8/31/2017,11,3,br11,NA,br11,hi,hp,NA,7,1,28,
200033,11,braaten,kmf,9/6/2017,11,4,br11,NA,br11,hi,hp,NA,1,7,8,
200034,12,braaten,adr,8/12/2017,12,1,br12,NA,br12,hi,nt,NA,0,2,0,
200035,12,braaten,adr,8/20/2017,12,2,br12,NA,br12,hi,nt,NA,0,0,2,
200036,13,braaten,adr,8/12/2017,13,1,br13,NA,br13,hi,hp,NA,3,7,19,
200037,14,braaten,adr,8/12/2017,14,1,br14,NA,br14,hi,nt,NA,1,2,1,
200038,14,braaten,adr,8/20/2017,14,2,br14,NA,br14,hi,nt,NA,0,6,12,
200039,14,braaten,kmf,8/31/2017,14,3,br14,NA,br14,hi,op,nt,3,4,18,
200040,14,braaten,kmf,9/6/2017,14,4,br14,NA,br14,hi,op,nt,2,3,8,
200041,15,braaten,adr,8/12/2017,15,1,br15,NA,br15,hi,op,NA,3,5,27,
200042,15,braaten,adr,8/20/2017,15,2,br15,NA,br15,hi,op,NA,0,1,10,has rd1 frt
200043,15,braaten,kmf,8/31/2017,15,3,br15,NA,br15,hi,op,NA,3,3,2,
200044,15,braaten,kmf,9/6/2017,15,4,br15,NA,br15,hi,op,NA,2,7,10,
200045,16,braaten,adr,8/12/2017,16,1,br16,NA,br16,low,op,NA,5,6,2,
200046,16,braaten,adr,8/20/2017,16,2,br16,NA,br16,low,op,NA,1,6,17,
200047,17,braaten,adr,8/12/2017,17,1,br17,NA,br17,low,hp,NA,6,3,9,
200048,17,braaten,adr,8/20/2017,17,2,br17,NA,br17,low,nt,hp,0,0,0,swapped from hp to nt
200049,18,braaten,adr,8/12/2017,18,1,br18,NA,br18,low,nt,NA,0,3,4,herbivory
200050,18,braaten,adr,8/20/2017,18,2,br18,NA,br18,low,hp,nt,1,1,4,swapped from nt to hp
200051,19,braaten,adr,8/12/2017,19,1,br19,NA,br19,low,hp,NA,8,11,9,
200052,19,braaten,adr,8/20/2017,19,2,br19,NA,br19,low,hp,NA,0,0,6,has rd1 frt
200053,19,braaten,kmf,8/31/2017,13,3,br13,br19,br19,hi,hp,hp,1,1,4,br19 rd1/2
200054,19,braaten,kmf,9/6/2017,13,4,br13,br19,br19,hi,hp,hp,1,2,9,br19 rd1/2
200055,20,braaten,adr,8/12/2017,20,1,br20,NA,br20,low,hp,NA,2,10,6,replaced;herbivory
200056,20,braaten,adr,8/20/2017,20,2,br20,NA,br20,low,hp,NA,3,1,7,has rd1 frt
200057,20,braaten,kmf,8/31/2017,6,3,br6,br20,br20,hi,hp,hp,3,5,16,br20 rd1/2
200058,20,braaten,kmf,9/6/2017,6,4,br6,br20,br20,hi,hp,hp,0,21,12,
200059,21,braaten,adr,8/12/2017,21,1,br21,NA,br21,low,nt,NA,2,2,3,replaced;herbivory
200060,21,braaten,adr,8/20/2017,21,2,br21,NA,br21,low,nt,NA,0,0,0,
200061,22,braaten,adr,8/12/2017,22,1,br22,NA,br22,low,hp,NA,1,4,13,
200062,22,braaten,adr,8/20/2017,22,2,br22,NA,br22,low,hp,NA,0,0,6,no rd1 frt
200063,23,braaten,adr,8/12/2017,23,1,br23,NA,br23,low,op,NA,4,6,5,
200064,23,braaten,adr,8/20/2017,23,2,br23,NA,br23,low,op,NA,1,11,24,
200065,23,braaten,kmf,8/31/2017,12,3,br12,br23,br23,hi,hp,op,1,1,14,br23 OP rd1/2
200066,23,braaten,kmf,9/6/2017,12,4,br12,br23,br23,hi,hp,op,0,0,2,br23 OP rd1/2
200067,24,braaten,adr,8/12/2017,24,1,br24,NA,br24,low,op,NA,3,3,10,
200068,24,braaten,adr,8/20/2017,24,2,br24,NA,br24,low,op,NA,0,2,7,has rd1 frt; sick looking
200069,25,braaten,adr,8/12/2017,25,1,br25,NA,br25,low,nt,NA,1,5,4,replaced;herbivory
200070,25,braaten,adr,8/20/2017,25,2,br25,NA,br25,low,hp,nt,2,2,10,swapped from nt to hp
200071,26,braaten,adr,8/12/2017,26,1,br26,NA,br26,low,hp,NA,1,2,15,
200072,26,braaten,adr,8/20/2017,26,2,br26,NA,br26,low,nt,hp,0,0,3,swapped from hp to nt
200073,27,braaten,adr,8/12/2017,27,1,br27,NA,br27,low,op,NA,6,10,9,replaced;herbivory
200074,27,braaten,adr,8/20/2017,27,2,br27,NA,br27,low,op,NA,4,4,33,
200075,28,braaten,adr,8/12/2017,28,1,br28,NA,br28,low,nt,NA,0,0,0,herbivory
200076,28,braaten,adr,8/20/2017,28,2,br28,NA,br28,low,nt,NA,0,0,0,
200077,29,braaten,adr,8/12/2017,29,1,br29,NA,br29,low,nt,NA,0,1,3,
200078,29,braaten,adr,8/20/2017,29,2,br29,NA,br29,low,nt,NA,0,1,1,
200079,30,braaten,adr,8/12/2017,30,1,br30,NA,br30,low,op,NA,1,7,8,replaced;herbivory
200080,30,braaten,adr,8/20/2017,30,2,br30,NA,br30,low,op,NA,0,0,3,no rd1 fruit
200081,31,grohn,kmf,8/14/2017,1,1,gr1,NA,gr1,hi,op,NA,4,15,35,
200082,31,grohn,kmf,8/23/2017,1,2,gr1,NA,gr1,hi,op,NA,2,5,37,
200083,31,grohn,adr,8/30/2017,1,3,gr1,NA,gr1,hi,op,NA,0,0,6,
200084,31,grohn,adr,9/7/2017,1,4,gr1,NA,gr1,hi,op,NA,0,0,1,
200085,32,grohn,kmf,8/14/2017,2,1,gr2,NA,gr2,hi,hp,NA,1,5,11,
200086,32,grohn,kmf,8/23/2017,2,2,gr2,NA,gr2,hi,hp,NA,3,5,20,
200087,32,grohn,adr,8/30/2017,2,3,gr2,NA,gr2,hi,hp,NA,0,0,3,
200088,32,grohn,adr,9/7/2017,2,4,gr2,NA,gr2,hi,hp,NA,1,3,2,
200089,33,grohn,kmf,8/14/2017,3,1,gr3,NA,gr3,hi,op,NA,2,8,17,
200090,33,grohn,kmf,8/23/2017,3,2,gr3,NA,gr3,hi,op,NA,0,1,20,
200091,34,grohn,kmf,8/14/2017,4,1,gr4,NA,gr4,hi,op,NA,6,14,27,
200092,34,grohn,kmf,8/23/2017,4,2,gr4,NA,gr4,hi,op,NA,0,8,36,
200093,34,grohn,adr,8/30/2017,4,3,gr4,NA,gr4,hi,op,NA,1,0,10,
200094,34,grohn,adr,9/7/2017,4,4,gr4,NA,gr4,hi,op,NA,0,0,1,
200095,35,grohn,kmf,8/14/2017,5,1,gr5,NA,gr5,hi,hp,NA,2,5,36,
200096,35,grohn,kmf,8/23/2017,5,2,gr5,NA,gr5,hi,hp,NA,3,19,20,
200097,35,grohn,adr,8/30/2017,5,3,gr5,NA,gr5,hi,hp,NA,0,0,15,
200098,35,grohn,adr,9/7/2017,5,4,gr5,NA,gr5,hi,hp,NA,6,9,16,
200099,36,grohn,kmf,8/14/2017,6,1,gr6,NA,gr6,hi,nt,NA,0,0,5,
200100,36,grohn,kmf,8/23/2017,6,2,gr6,NA,gr6,hi,nt,NA,2,2,3,
200101,37,grohn,kmf,8/14/2017,7,1,gr7,NA,gr7,hi,hp,NA,2,10,12,
200102,37,grohn,kmf,8/23/2017,7,2,gr7,NA,gr7,hi,hp,NA,2,8,15,
200103,37,grohn,adr,8/30/2017,7,3,gr7,NA,gr7,hi,hp,NA,0,0,9,
200104,37,grohn,adr,9/7/2017,7,4,gr7,NA,gr7,hi,hp,NA,0,0,0,
200105,38,grohn,kmf,8/14/2017,8,1,gr8,NA,gr8,hi,nt,NA,0,7,10,
200106,38,grohn,kmf,8/23/2017,8,2,gr8,NA,gr8,hi,nt,NA,0,5,9,
200107,39,grohn,kmf,8/14/2017,9,1,gr9,NA,gr9,hi,op,NA,1,7,15,
200108,39,grohn,kmf,8/23/2017,9,2,gr9,NA,gr9,hi,op,NA,2,6,19,
200109,39,grohn,adr,8/30/2017,9,3,gr9,NA,gr9,hi,op,NA,0,0,6,
200110,39,grohn,adr,9/7/2017,9,4,gr9,NA,gr9,hi,op,NA,4,0,3,
200111,40,grohn,kmf,8/14/2017,10,1,gr10,NA,gr10,hi,op,NA,4,8,7,
200112,40,grohn,kmf,8/23/2017,10,2,gr10,NA,gr10,hi,op,NA,0,1,7,
200113,41,grohn,kmf,8/14/2017,11,1,gr11,NA,gr11,hi,hp,NA,2,14,10,
200114,41,grohn,kmf,8/23/2017,11,2,gr11,NA,gr11,hi,hp,NA,5,15,26,
200115,41,grohn,adr,8/30/2017,11,3,gr11,NA,gr11,hi,hp,NA,0,3,22,
200116,41,grohn,adr,9/7/2017,11,4,gr11,NA,gr11,hi,hp,NA,0,0,3,
200117,42,grohn,kmf,8/14/2017,12,1,gr12,NA,gr12,hi,nt,NA,NA,NA,NA,plant eaten; replaced by Alan later that day
200118,43,grohn,kmf,8/14/2017,13,1,gr13,NA,gr13,hi,nt,NA,0,0,0,
200119,43,grohn,kmf,8/23/2017,13,2,gr13,NA,gr13,hi,nt,NA,1,3,16,
200120,43,grohn,adr,8/30/2017,13,3,gr13,NA,gr13,hi,op,nt,1,0,12,
200121,43,grohn,adr,9/7/2017,13,4,gr13,NA,gr13,hi,op,nt,1,0,0,
200122,44,grohn,kmf,8/14/2017,14,1,gr14,NA,gr14,hi,hp,NA,0,7,5,
200123,44,grohn,kmf,8/23/2017,14,2,gr14,NA,gr14,hi,hp,NA,4,8,12,
200124,44,grohn,adr,8/30/2017,14,3,gr14,NA,gr14,hi,hp,NA,2,1,14,
200125,44,grohn,adr,9/7/2017,14,4,gr14,NA,gr14,hi,hp,NA,0,3,7,
200126,45,grohn,kmf,8/14/2017,15,1,gr15,NA,gr15,hi,nt,NA,0,7,19,
200127,45,grohn,kmf,8/23/2017,15,2,gr15,NA,gr15,hi,nt,NA,2,5,8,
200128,46,grohn,kmf,8/14/2017,16,1,gr16,NA,gr16,low,op,NA,6,10,14,
200129,46,grohn,kmf,8/23/2017,16,2,gr16,NA,gr16,low,op,NA,0,6,14,
200130,46,grohn,adr,8/30/2017,6,3,gr6,gr16,gr16,hi,op,op,1,0,3,
200131,46,grohn,adr,9/7/2017,6,4,gr6,gr16,gr16,hi,op,op,0,3,5,
200132,47,grohn,kmf,8/14/2017,17,1,gr17,NA,gr17,low,nt,NA,0,5,8,
200133,47,grohn,kmf,8/23/2017,17,2,gr17,NA,gr17,low,nt,NA,1,3,12,
200134,48,grohn,kmf,8/14/2017,18,1,gr18,NA,gr18,low,op,NA,4,14,16,
200135,48,grohn,kmf,8/23/2017,18,2,gr18,NA,gr18,low,op,NA,4,1,18,
200136,48,grohn,adr,8/30/2017,8,3,gr8,gr18,gr18,hi,hp,op,0,1,4,
200137,48,grohn,adr,9/7/2017,8,4,gr8,gr18,gr18,hi,hp,op,1,1,8,
200138,49,grohn,kmf,8/14/2017,19,1,gr19,NA,gr19,low,hp,NA,2,9,7,
200139,49,grohn,kmf,8/23/2017,19,2,gr19,NA,gr19,low,hp,NA,1,1,22,
200140,50,grohn,kmf,8/14/2017,20,1,gr20,NA,gr20,low,nt,NA,0,3,5,
200141,50,grohn,kmf,8/23/2017,20,2,gr20,NA,gr20,low,nt,NA,1,0,0,
200142,51,grohn,kmf,8/14/2017,21,1,gr21,NA,gr21,low,op,NA,7,10,16,
200143,51,grohn,kmf,8/23/2017,21,2,gr21,NA,gr21,low,op,NA,0,19,22,
200144,52,grohn,kmf,8/14/2017,22,1,gr22,NA,gr22,low,hp,NA,3,6,10,
200145,52,grohn,kmf,8/23/2017,22,2,gr22,NA,gr22,low,hp,NA,1,5,17,
200146,53,grohn,kmf,8/14/2017,23,1,gr23,NA,gr23,low,hp,NA,2,11,31,
200147,53,grohn,kmf,8/23/2017,23,2,gr23,NA,gr23,low,hp,NA,1,1,9,
200148,54,grohn,kmf,8/14/2017,24,1,gr24,NA,gr24,low,nt,NA,0,4,13,
200149,54,grohn,kmf,8/23/2017,24,2,gr24,NA,gr24,low,nt,NA,1,1,8,
200150,54,grohn,adr,8/30/2017,3,3,gr3,gr24,gr24,hi,hp,nt,2,0,1,
200151,54,grohn,adr,9/7/2017,3,4,gr3,gr24,gr24,hi,hp,nt,3,6,14,
200152,55,grohn,kmf,8/14/2017,25,1,gr25,NA,gr25,low,op,NA,5,9,24,
200153,55,grohn,kmf,8/23/2017,25,2,gr25,NA,gr25,low,op,NA,0,3,20,
200154,56,grohn,kmf,8/14/2017,26,1,gr26,NA,gr26,low,hp,NA,1,9,2,
200155,56,grohn,kmf,8/23/2017,26,2,gr26,NA,gr26,low,hp,NA,0,3,18,
200156,57,grohn,kmf,8/14/2017,27,1,gr27,NA,gr27,low,op,NA,3,3,16,
200157,57,grohn,kmf,8/23/2017,27,2,gr27,NA,gr27,low,op,NA,5,2,22,
200158,57,grohn,adr,8/30/2017,10,3,gr10,gr27,gr27,hi,op,op,0,0,2,
200159,57,grohn,adr,9/7/2017,10,4,gr10,gr27,gr27,hi,op,op,3,1,1,
200160,58,grohn,kmf,8/14/2017,28,1,gr28,NA,gr28,low,nt,NA,0,3,9,
200161,58,grohn,kmf,8/23/2017,28,2,gr28,NA,gr28,low,nt,NA,0,1,0,
200162,59,grohn,kmf,8/14/2017,29,1,gr29,NA,gr29,low,hp,NA,5,11,3,
200163,59,grohn,kmf,8/23/2017,29,2,gr29,NA,gr29,low,hp,NA,1,7,36,
200164,59,grohn,adr,8/30/2017,15,3,gr15,gr29,gr29,hi,hp,nt,4,0,1,
200165,59,grohn,adr,9/7/2017,15,4,gr15,gr29,gr29,hi,hp,nt,0,0,6,
200166,60,grohn,kmf,8/14/2017,30,1,gr30,NA,gr30,low,nt,NA,1,4,10,
200167,60,grohn,kmf,8/23/2017,30,2,gr30,NA,gr30,low,nt,NA,3,2,15,
200168,61,howe,kmf,8/12/2017,1,1,ho1,NA,ho1,hi,op,NA,4,10,0,
200169,61,howe,kmf,8/24/2017,1,2,ho1,NA,ho1,hi,op,NA,1,3,19,2 lfwp
200170,61,howe,adr,8/30/2017,1,3,ho1,NA,ho1,hi,op,NA,3,2,7,
200171,61,howe,adr,9/7/2017,1,4,ho1,NA,ho1,hi,op,NA,0,1,10,
200172,62,howe,kmf,8/12/2017,2,1,ho2,NA,ho2,hi,op,NA,1,9,26,
200173,62,howe,kmf,8/24/2017,2,2,ho2,NA,ho2,hi,op,NA,0,1,17,1fwp
200174,62,howe,adr,8/30/2017,2,3,ho2,NA,ho2,hi,op,NA,0,0,1,
200175,62,howe,adr,9/7/2017,2,4,ho2,NA,ho2,hi,op,NA,2,1,11,
200176,63,howe,kmf,8/12/2017,3,1,ho3,NA,ho3,hi,hp,NA,0,15,30,
200177,63,howe,kmf,8/24/2017,3,2,ho3,NA,ho3,hi,hp,NA,0,1,34,
200178,63,howe,adr,8/30/2017,3,3,ho3,NA,ho3,hi,hp,NA,0,0,1,
200179,63,howe,adr,9/7/2017,3,4,ho3,NA,ho3,hi,hp,NA,12,5,23,some flowers very small; previously marked as 11 but  fruit petioles indicate 12 were painted; highly likely flowers were miscounted given # of flowers on plant and their size
200180,64,howe,kmf,8/12/2017,4,1,ho4,NA,ho4,hi,op,NA,1,1,14,
200181,64,howe,kmf,8/24/2017,4,2,ho4,NA,ho4,hi,op,NA,0,0,0,1 lfwp
200182,64,howe,adr,8/30/2017,4,3,ho4,NA,ho4,hi,op,NA,0,0,0,
200183,64,howe,adr,9/7/2017,4,4,ho4,NA,ho4,hi,op,NA,4,7,11,
200184,65,howe,kmf,8/12/2017,5,1,ho5,NA,ho5,hi,op,NA,4,9,3,
200185,65,howe,kmf,8/24/2017,5,2,ho5,NA,ho5,hi,op,NA,2,6,15,4fwp
200186,65,howe,adr,8/30/2017,5,3,ho5,NA,ho5,hi,op,NA,1,1,9,
200187,65,howe,adr,9/7/2017,5,4,ho5,NA,ho5,hi,op,NA,0,0,2,
200188,66,howe,kmf,8/12/2017,6,1,ho6,NA,ho6,hi,nt,NA,3,8,1,
200189,66,howe,kmf,8/24/2017,6,2,ho6,NA,ho6,hi,nt,NA,1,10,20,
200190,66,howe,adr,8/30/2017,6,3,ho6,NA,ho6,hi,op,nt,3,1,8,
200191,66,howe,adr,9/7/2017,6,4,ho6,NA,ho6,hi,op,nt,1,0,8,
200192,67,howe,kmf,8/12/2017,7,1,ho7,NA,ho7,hi,nt,NA,2,5,0,
200193,67,howe,kmf,8/24/2017,7,2,ho7,NA,ho7,hi,nt,NA,0,0,10,
200194,68,howe,kmf,8/12/2017,8,1,ho8,NA,ho8,hi,op,NA,6,8,0,
200195,68,howe,kmf,8/24/2017,8,2,ho8,NA,ho8,hi,op,NA,0,8,6,2fwp
200196,69,howe,kmf,8/12/2017,9,1,ho9,NA,ho9,hi,hp,NA,0,18,0,
200197,69,howe,kmf,8/24/2017,9,2,ho9,NA,ho9,hi,hp,NA,0,12,25,
200198,69,howe,adr,8/30/2017,9,3,ho9,NA,ho9,hi,hp,NA,5,2,13,
200199,69,howe,adr,9/7/2017,9,4,ho9,NA,ho9,hi,hp,NA,5,1,16,flowers very small maybe sterile
200200,70,howe,kmf,8/12/2017,10,1,ho10,NA,ho10,hi,nt,NA,2,4,0,
200201,70,howe,kmf,8/24/2017,10,2,ho10,NA,ho10,hi,nt,NA,0,0,16,
200202,71,howe,kmf,8/12/2017,11,1,ho11,NA,ho11,hi,hp,NA,6,7,12,
200203,71,howe,kmf,8/24/2017,11,2,ho11,NA,ho11,hi,hp,NA,0,3,14,6fwp
200204,71,howe,adr,8/30/2017,11,3,ho11,NA,ho11,hi,hp,NA,1,0,3,
200205,71,howe,adr,9/7/2017,11,4,ho11,NA,ho11,hi,hp,NA,1,0,0,
200206,72,howe,kmf,8/12/2017,12,1,ho12,NA,ho12,hi,hp,NA,2,9,29,
200207,72,howe,kmf,8/24/2017,12,2,ho12,NA,ho12,hi,hp,NA,0,3,24,2fwp
200208,73,howe,kmf,8/12/2017,13,1,ho13,NA,ho13,hi,nt,NA,4,8,2,
200209,73,howe,kmf,8/24/2017,13,2,ho13,NA,ho13,hi,nt,NA,0,4,24,
200210,74,howe,kmf,8/12/2017,14,1,ho14,NA,ho14,hi,hp,NA,3,7,5,
200211,74,howe,kmf,8/24/2017,14,2,ho14,NA,ho14,hi,hp,NA,1,15,14,3fwp
200212,74,howe,adr,8/30/2017,14,3,ho14,NA,ho14,hi,hp,NA,3,0,15,1 rd 1 frt pulled= 11/11 or 12/12
200213,74,howe,adr,9/7/2017,14,4,ho14,NA,ho14,hi,hp,NA,2,0,5,small closed flowers
200214,75,howe,kmf,8/12/2017,15,1,ho15,NA,ho15,hi,nt,NA,0,14,0,
200215,75,howe,kmf,8/24/2017,15,2,ho15,NA,ho15,hi,nt,NA,0,22,32,
200216,75,howe,adr,8/30/2017,15,3,ho15,NA,ho15,hi,hp,nt,4,0,10,
200217,75,howe,adr,9/7/2017,15,4,ho15,NA,ho15,hi,hp,nt,0,0,12,
200218,76,howe,kmf,8/12/2017,16,1,ho16,NA,ho16,low,op,NA,2,17,18,
200219,76,howe,kmf,8/24/2017,16,2,ho16,NA,ho16,low,op,NA,0,12,41,2fwp
200220,77,howe,kmf,8/12/2017,17,1,ho17,NA,ho17,low,hp,NA,3,2,2,
200221,77,howe,kmf,8/24/2017,17,2,ho17,NA,ho17,low,hp,NA,0,6,12,3fwp
200222,78,howe,kmf,8/12/2017,18,1,ho18,NA,ho18,low,hp,NA,2,7,1,
200223,78,howe,kmf,8/24/2017,18,2,ho18,NA,ho18,low,hp,NA,0,1,12,1fwp//1 lfwp
200224,78,howe,adr,8/30/2017,12,3,ho12,ho18,ho18,hi,hp,hp,1,1,3,ho18 rd1/2
200225,78,howe,adr,9/7/2017,12,4,ho12,ho18,ho18,hi,hp,hp,4,2,19,
200226,79,howe,kmf,8/12/2017,19,1,ho19,NA,ho19,low,hp,NA,2,3,4,
200227,79,howe,kmf,8/24/2017,19,2,ho19,NA,ho19,low,hp,NA,0,5,15,2fwp
200228,80,howe,kmf,8/12/2017,20,1,ho20,NA,ho20,low,hp,NA,2,27,0,
200229,80,howe,kmf,8/24/2017,20,2,ho20,NA,ho20,low,hp,NA,0,8,23,1fwp
200230,81,howe,kmf,8/12/2017,21,1,ho21,NA,ho21,low,op,NA,3,1,3,
200231,81,howe,kmf,8/24/2017,21,2,ho21,NA,ho21,low,op,NA,2,1,6,3fwp
200232,82,howe,kmf,8/12/2017,22,1,ho22,NA,ho22,low,nt,NA,2,2,4,
200233,82,howe,kmf,8/24/2017,22,2,ho22,NA,ho22,low,nt,NA,1,3,5,
200234,83,howe,kmf,8/12/2017,23,1,ho23,NA,ho23,low,nt,NA,8,4,14,
200235,83,howe,kmf,8/24/2017,23,2,ho23,NA,ho23,low,nt,NA,2,0,15,
200236,83,howe,adr,8/30/2017,7,3,ho7,ho23,ho23,hi,hp,nt,3,0,6,ho23 rd1/2
200237,83,howe,adr,9/7/2017,7,4,ho7,ho23,ho23,hi,hp,nt,1,1,11,
200238,84,howe,kmf,8/12/2017,24,1,ho24,NA,ho24,low,nt,NA,0,0,0,
200239,84,howe,kmf,8/24/2017,24,2,ho24,NA,ho24,low,nt,NA,1,2,0,
200240,85,howe,kmf,8/12/2017,25,1,ho25,NA,ho25,low,hp,NA,4,8,3,
200241,85,howe,kmf,8/24/2017,25,2,ho25,NA,ho25,low,hp,NA,0,1,9,3fwp
200242,86,howe,kmf,8/12/2017,26,1,ho26,NA,ho26,low,nt,NA,2,4,0,
200243,86,howe,kmf,8/24/2017,26,2,ho26,NA,ho26,low,nt,NA,2,8,9,
200244,87,howe,kmf,8/12/2017,27,1,ho27,NA,ho27,low,nt,NA,2,5,1,
200245,87,howe,kmf,8/24/2017,27,2,ho27,NA,ho27,low,nt,NA,0,4,7,
200246,87,howe,adr,8/30/2017,8,3,ho8,ho27,ho27,hi,op,NA,0,0,7,
200247,87,howe,adr,9/7/2017,8,4,ho8,NA,ho8,hi,op,NA,0,2,21,paint possibly washed off
200248,88,howe,kmf,8/12/2017,28,1,ho28,NA,ho28,low,op,NA,6,7,5,
200249,88,howe,kmf,8/24/2017,28,2,ho28,NA,ho28,low,op,NA,0,7,15,6 lfwp
200250,88,howe,adr,8/30/2017,13,3,ho13,ho28,ho28,hi,hp,op ,2,1,8,ho28 rd1/2
200251,88,howe,adr,9/7/2017,13,4,ho13,ho28,ho28,hi,hp,op ,5,0,17,abrt rd 3 possibly missing
200252,89,howe,kmf,8/12/2017,29,1,ho29,NA,ho29,low,op,NA,6,5,0,
200253,89,howe,kmf,8/24/2017,29,2,ho29,NA,ho29,low,op,NA,1,2,2,5fwp//1 lfwp
200254,89,howe,adr,8/30/2017,10,3,ho10,ho29,ho29,hi,op,op ,1,0,8,ho29 rd1/2
200255,89,howe,adr,9/7/2017,10,4,ho10,ho29,ho29,hi,op,op ,3,0,8,
200256,90,howe,kmf,8/12/2017,30,1,ho30,NA,ho30,low,op,NA,5,16,1,
200257,90,howe,kmf,8/24/2017,30,2,ho30,NA,ho30,low,op,NA,0,1,21,3fwp//2 lfwp
200258,91,nelson,kmf,8/8/2017,1,1,ne1,NA,ne1,hi,hp,NA,3,6,7,
200259,91,nelson,kmf,8/19/2017,1,2,ne1,NA,ne1,hi,hp,NA,3,3,15,
200260,91,nelson,kmf,8/31/2017,1,3,ne1,NA,ne1,hi,hp,NA,0,4,19,Check if any replaced; yellow
200261,91,nelson,kmf,9/6/2017,1,4,ne1,NA,ne1,hi,hp,NA,0,0,4,yellow & blue
200262,92,nelson,kmf,8/8/2017,2,1,ne2,NA,ne2,hi,op,NA,8,6,8,
200263,92,nelson,kmf,8/19/2017,2,2,ne2,NA,ne2,hi,op,NA,1,11,20,
200264,92,nelson,kmf,8/31/2017,2,3,ne2,NA,ne2,hi,op,NA,0,4,33,
200265,92,nelson,kmf,9/6/2017,2,4,ne2,NA,ne2,hi,op,NA,0,0,5,
200266,93,nelson,kmf,8/8/2017,3,1,ne3,NA,ne3,hi,hp,NA,7,3,8,
200267,93,nelson,kmf,8/19/2017,3,2,ne3,NA,ne3,hi,hp,NA,1,3,21,
200268,93,nelson,kmf,8/31/2017,3,3,ne3,NA,ne3,hi,hp,NA,3,9,26,
200269,93,nelson,kmf,9/6/2017,3,4,ne3,NA,ne3,hi,hp,NA,3,10,11,
200270,94,nelson,kmf,8/8/2017,4,1,ne4,NA,ne4,hi,nt,NA,1,2,3,
200271,94,nelson,kmf,8/19/2017,4,2,ne4,NA,ne4,hi,nt,NA,1,1,8,
200272,94,nelson,kmf,8/31/2017,4,3,ne4,NA,ne4,hi,op,nt,1,6,8,
200273,94,nelson,kmf,9/6/2017,4,4,ne4,NA,ne4,hi,op,nt,0,0,10,
200274,95,nelson,kmf,8/8/2017,5,1,ne5,NA,ne5,hi,hp,NA,3,5,0,
200275,95,nelson,kmf,8/19/2017,5,2,ne5,NA,ne5,hi,hp,NA,3,5,15,
200276,95,nelson,kmf,8/31/2017,5,3,ne5,NA,ne5,hi,hp,NA,0,0,12,
200277,95,nelson,kmf,9/6/2017,5,4,ne5,NA,ne5,hi,hp,NA,0,0,0,
200278,96,nelson,kmf,8/8/2017,6,1,ne6,NA,ne6,hi,hp,NA,6,3,0,
200279,96,nelson,kmf,8/19/2017,6,2,ne6,NA,ne6,hi,hp,NA,3,2,9,
200280,96,nelson,kmf,8/31/2017,6,3,ne6,NA,ne6,hi,hp,NA,2,2,24,
200281,96,nelson,kmf,9/6/2017,6,4,ne6,NA,ne6,hi,hp,NA,1,4,6,
200282,97,nelson,kmf,8/8/2017,7,1,ne7,NA,ne7,hi,hp,NA,4,3,5,
200283,97,nelson,kmf,8/19/2017,7,2,ne7,NA,ne7,hi,hp,NA,0,3,15,
200284,97,nelson,kmf,8/31/2017,7,3,ne7,NA,ne7,hi,hp,NA,0,3,14,
200285,97,nelson,kmf,9/6/2017,7,4,ne7,NA,ne7,hi,hp,NA,4,7,2,
200286,98,nelson,kmf,8/8/2017,8,1,ne8,NA,ne8,hi,op,NA,5,7,0,
200287,98,nelson,kmf,8/19/2017,8,2,ne8,NA,ne8,hi,op,NA,0,3,19,
200288,98,nelson,kmf,8/31/2017,8,3,ne8,NA,ne8,hi,op,NA,0,3,11,
200289,98,nelson,kmf,9/6/2017,8,4,ne8,NA,ne8,hi,op,NA,4,5,3,
200290,99,nelson,kmf,8/8/2017,9,1,ne9,NA,ne9,hi,op,NA,3,3,12,
200291,99,nelson,kmf,8/19/2017,9,2,ne9,NA,ne9,hi,op,NA,0,1,10,
200292,99,nelson,kmf,8/31/2017,9,3,ne9,NA,ne9,hi,op,NA,0,3,11,
200293,99,nelson,kmf,9/6/2017,9,4,ne9,NA,ne9,hi,op,NA,2,9,5,
200294,100,nelson,kmf,8/8/2017,10,1,ne10,NA,ne10,hi,op,NA,3,1,0,
200295,100,nelson,kmf,8/19/2017,10,2,ne10,NA,ne10,hi,op,NA,5,5,10,
200296,100,nelson,kmf,8/31/2017,10,3,ne10,NA,ne10,hi,op,NA,2,2,21,
200297,100,nelson,kmf,9/6/2017,10,4,ne10,NA,ne10,hi,op,NA,0,3,1,
200298,101,nelson,kmf,8/8/2017,11,1,ne11,NA,ne11,hi,nt,NA,3,6,0,
200299,101,nelson,kmf,8/19/2017,11,2,ne11,NA,ne11,hi,nt,NA,0,3,5,
200300,101,nelson,kmf,8/31/2017,11,3,ne11,NA,ne11,hi,hp,nt,7,8,17,
200301,101,nelson,kmf,9/6/2017,11,4,ne11,NA,ne11,hi,hp,nt,4,14,19,
200302,102,nelson,kmf,8/8/2017,12,1,ne12,NA,ne12,hi,nt,NA,1,5,0,
200303,102,nelson,kmf,8/19/2017,12,2,ne12,NA,ne12,hi,nt,NA,0,2,7,
200304,103,nelson,kmf,8/8/2017,13,1,ne13,NA,ne13,hi,nt,NA,0,1,0,
200305,103,nelson,kmf,8/19/2017,13,2,ne13,NA,ne13,hi,nt,NA,0,0,3,
200306,103,nelson,kmf,8/31/2017,13,3,ne13,NA,ne13,hi,hp,nt,1,5,7,
200307,103,nelson,kmf,9/6/2017,13,4,ne13,NA,ne13,hi,hp,nt,3,4,6,
200308,104,nelson,kmf,8/8/2017,14,1,ne14,NA,ne14,hi,op,NA,4,12,0,
200309,104,nelson,kmf,8/19/2017,14,2,ne14,NA,ne14,hi,op,NA,1,3,22,
200310,104,nelson,kmf,8/31/2017,14,3,ne14,NA,ne14,hi,op,NA,0,4,26,
200311,104,nelson,kmf,9/6/2017,14,4,ne14,NA,ne14,hi,op,NA,0,3,8,
200312,105,nelson,kmf,8/8/2017,15,1,ne15,NA,ne15,hi,nt,NA,0,4,0,
200313,105,nelson,kmf,8/19/2017,15,2,ne15,NA,ne15,hi,nt,NA,0,4,1,
200314,106,nelson,kmf,8/8/2017,16,1,ne16,NA,ne16,low,nt,NA,0,2,0,
200315,106,nelson,kmf,8/19/2017,16,2,ne16,NA,ne16,low,nt,NA,0,3,0,
200316,107,nelson,kmf,8/8/2017,17,1,ne17,NA,ne17,low,op,NA,1,1,0,
200317,107,nelson,kmf,8/19/2017,17,2,ne17,NA,ne17,low,op,NA,1,2,0,
200318,108,nelson,kmf,8/8/2017,18,1,ne18,NA,ne18,low,hp,NA,3,3,0,
200319,108,nelson,kmf,8/19/2017,18,2,ne18,NA,ne18,low,hp,NA,2,5,17,
200320,109,nelson,kmf,8/8/2017,19,1,ne19,NA,ne19,low,hp,NA,10,6,0,
200321,109,nelson,kmf,8/19/2017,19,2,ne19,NA,ne19,low,hp,NA,0,0,10,
200322,110,nelson,kmf,8/8/2017,20,1,ne20,NA,ne20,low,nt,NA,0,5,9,
200323,110,nelson,kmf,8/19/2017,20,2,ne20,NA,ne20,low,nt,NA,0,3,1,
200324,111,nelson,kmf,8/8/2017,21,1,ne21,NA,ne21,low,op,NA,1,5,0,
200325,111,nelson,kmf,8/19/2017,21,2,ne21,NA,ne21,low,op,NA,0,1,9,
200326,112,nelson,kmf,8/8/2017,22,1,ne22,NA,ne22,low,nt,NA,2,6,0,
200327,112,nelson,kmf,8/19/2017,22,2,ne22,NA,ne22,low,nt,NA,1,2,3,
200328,113,nelson,kmf,8/8/2017,23,1,ne23,NA,ne23,low,hp,NA,3,4,0,
200329,113,nelson,kmf,8/19/2017,23,2,ne23,NA,ne23,low,hp,NA,2,3,11,
200330,114,nelson,kmf,8/8/2017,24,1,ne24,NA,ne24,low,op,NA,4,3,0,
200331,114,nelson,kmf,8/19/2017,24,2,ne24,NA,ne24,low,op,NA,1,1,2,
200332,114,nelson,kmf,8/31/2017,15,3,ne15,ne24,ne24,hi,hp,op,10,3,21,
200333,114,nelson,kmf,9/6/2017,15,4,ne15,ne24,ne24,hi,hp,op,9,7,22,
200334,115,nelson,kmf,8/8/2017,25,1,ne25,NA,ne25,low,op,NA,4,7,0,
200335,115,nelson,kmf,8/19/2017,25,2,ne25,NA,ne25,low,op,NA,0,2,5,
200336,116,nelson,kmf,8/8/2017,26,1,ne26,NA,ne26,low,hp,NA,3,2,1,
200337,116,nelson,kmf,8/19/2017,26,2,ne26,NA,ne26,low,hp,NA,0,0,3,
200338,117,nelson,kmf,8/8/2017,27,1,ne27,NA,ne27,low,nt,NA,1,2,0,
200339,117,nelson,kmf,8/19/2017,27,2,ne27,NA,ne27,low,nt,NA,2,3,7,
200340,118,nelson,kmf,8/8/2017,28,1,ne28,NA,ne28,low,op,NA,3,7,0,
200341,118,nelson,kmf,8/19/2017,28,2,ne28,NA,ne28,low,op,NA,0,2,8,
200342,119,nelson,kmf,8/8/2017,29,1,ne29,NA,ne29,low,nt,NA,0,0,0,
200343,119,nelson,kmf,8/19/2017,29,2,ne29,NA,ne29,low,nt,NA,1,4,2,
200344,120,nelson,kmf,8/8/2017,30,1,ne30,NA,ne30,low,hp,NA,6,7,2,
200345,120,nelson,kmf,8/19/2017,30,2,ne30,NA,ne30,low,hp,NA,0,0,3,
200346,120,nelson,kmf,8/31/2017,12,3,ne12,ne30,ne30,hi,op,hp,3,0,1,
200347,120,nelson,kmf,9/6/2017,12,4,ne12,ne30,ne30,hi,op,hp,7,18,18,
200348,121,rudningen,adr,8/8/2017,1,1,ru1,NA,ru1,hi,nt,NA,1,2,0,
200349,121,rudningen,adr,8/19/2017,1,2,ru1,NA,ru1,hi,nt,NA,3,5,0,
200350,121,rudningen,kmf,8/30/2017,1,3,ru1,NA,ru1,hi,op,nt,0,3,15,check rudningen labels!!!
200351,121,rudningen,kmf,9/7/2017,1,4,ru1,NA,ru1,hi,op,nt,0,0,4,
200352,122,rudningen,adr,8/8/2017,2,1,ru2,NA,ru2,hi,hp,NA,3,5,0,
200353,122,rudningen,adr,8/19/2017,2,2,ru2,NA,ru2,hi,hp,NA,3,4,3,
200354,122,rudningen,kmf,8/30/2017,2,3,ru2,NA,ru2,hi,hp,NA,2,11,14,had dbl labeling
200355,122,rudningen,kmf,9/7/2017,2,4,ru2,NA,ru2,hi,hp,NA,3,4,38,had dbl labeling
200356,123,rudningen,adr,8/8/2017,3,1,ru3,NA,ru3,hi,nt,NA,1,1,0,
200357,123,rudningen,adr,8/19/2017,3,2,ru3,NA,ru3,hi,nt,NA,0,2,0,
200358,123,rudningen,kmf,8/30/2017,3,3,ru3,NA,ru3,hi,op,nt,3,2,7,
200359,123,rudningen,kmf,9/7/2017,3,4,ru3,NA,ru3,hi,op,nt,2,2,5,
200360,124,rudningen,adr,8/8/2017,4,1,ru4,NA,ru4,hi,nt,NA,1,5,4,
200361,124,rudningen,adr,8/19/2017,4,2,ru4,NA,ru4,hi,nt,NA,2,2,5,
200362,124,rudningen,kmf,8/30/2017,4,3,ru4,NA,ru4,hi,hp,nt,3,5,14,
200363,124,rudningen,kmf,9/7/2017,4,4,ru4,NA,ru4,hi,hp,nt,0,0,10,
200364,125,rudningen,adr,8/8/2017,5,1,ru5,NA,ru5,hi,hp,NA,0,3,0,
200365,126,rudningen,adr,8/8/2017,6,1,ru6,NA,ru6,hi,hp,NA,8,16,12,
200366,126,rudningen,adr,8/19/2017,6,2,ru6,NA,ru6,hi,hp,NA,5,4,8,
200367,126,rudningen,kmf,8/30/2017,6,3,ru6,NA,ru6,hi,hp,NA,1,5,13,
200368,126,rudningen,kmf,9/7/2017,6,4,ru6,NA,ru6,hi,hp,NA,5,10,16,
200369,127,rudningen,adr,8/8/2017,7,1,ru7,NA,ru7,hi,hp,NA,2,12,5,
200370,127,rudningen,adr,8/19/2017,7,2,ru7,NA,ru7,hi,hp,NA,2,2,16,
200371,127,rudningen,kmf,8/30/2017,7,3,ru7,NA,ru7,hi,hp,NA,0,7,9,
200372,127,rudningen,kmf,9/7/2017,7,4,ru7,NA,ru7,hi,hp,NA,3,11,17,
200373,128,rudningen,adr,8/8/2017,8,1,ru8,NA,ru8,hi,op,NA,1,1,0,
200374,128,rudningen,adr,8/19/2017,8,2,ru8,NA,ru8,hi,op,NA,2,3,2,
200375,128,rudningen,kmf,8/30/2017,8,3,ru8,NA,ru8,hi,op,NA,0,1,9,had dbl labeling
200376,128,rudningen,kmf,9/7/2017,8,4,ru8,NA,ru8,hi,op,NA,3,1,5,had dbl labeling
200377,129,rudningen,adr,8/8/2017,9,1,ru9,NA,ru9,hi,op,NA,3,2,2,
200378,129,rudningen,adr,8/19/2017,9,2,ru9,NA,ru9,hi,op,NA,2,2,9,
200379,129,rudningen,kmf,8/30/2017,9,3,ru9,NA,ru9,hi,op,NA,2,3,8,
200380,129,rudningen,kmf,9/7/2017,9,4,ru9,NA,ru9,hi,op,NA,0,5,16,
200381,130,rudningen,adr,8/8/2017,10,1,ru10,NA,ru10,hi,op,NA,4,4,3,
200382,130,rudningen,adr,8/19/2017,10,2,ru10,NA,ru10,hi,op,NA,4,5,1,
200383,130,rudningen,kmf,8/30/2017,10,3,ru10,NA,ru10,hi,op,NA,2,4,14,
200384,130,rudningen,kmf,9/7/2017,10,4,ru10,NA,ru10,hi,op,NA,0,0,4,
200385,131,rudningen,adr,8/8/2017,11,1,ru11,NA,ru11,hi,nt,NA,0,3,0,
200386,131,rudningen,adr,8/19/2017,11,2,ru11,NA,ru11,hi,nt,NA,0,0,0,
200387,131,rudningen,kmf,8/30/2017,11,3,ru11,NA,ru11,hi,hp,nt,3,2,6,
200388,131,rudningen,kmf,9/7/2017,11,4,ru11,NA,ru11,hi,hp,nt,4,5,9,
200389,132,rudningen,adr,8/8/2017,12,1,ru12,NA,ru12,hi,op,NA,3,3,0,
200390,132,rudningen,adr,8/19/2017,12,2,ru12,NA,ru12,hi,op,NA,4,1,4,
200391,132,rudningen,kmf,8/30/2017,12,3,ru12,NA,ru12,hi,op,NA,2,3,8,had dbl labeling
200392,132,rudningen,kmf,9/7/2017,12,4,ru12,NA,ru12,hi,op,NA,0,2,6,had dbl labeling
200393,133,rudningen,adr,8/8/2017,13,1,ru13,NA,ru13,hi,hp,NA,8,3,0,
200394,133,rudningen,adr,8/19/2017,13,2,ru13,NA,ru13,hi,hp,NA,6,1,3,
200395,133,rudningen,kmf,8/30/2017,13,3,ru13,NA,ru13,hi,hp,NA,5,6,33,had dbl labeling
200396,133,rudningen,kmf,9/7/2017,13,4,ru13,NA,ru13,hi,hp,NA,1,4,33,had dbl labeling
200397,134,rudningen,adr,8/8/2017,14,1,ru14,NA,ru14,hi,nt,NA,1,0,0,
200398,134,rudningen,adr,8/19/2017,14,2,ru14,NA,ru14,hi,nt,NA,1,2,2,
200399,135,rudningen,adr,8/8/2017,15,1,ru15,NA,ru15,hi,op,NA,4,5,2,
200400,135,rudningen,adr,8/19/2017,15,2,ru15,NA,ru15,hi,op,NA,2,6,8,
200401,135,rudningen,kmf,8/30/2017,15,3,ru15,NA,ru15,hi,op,op,2,0,15,
200402,135,rudningen,kmf,9/7/2017,15,4,ru15,NA,ru15,hi,op,op,0,5,8,
200403,136,rudningen,adr,8/8/2017,16,1,ru16,NA,ru16,low,nt,NA,2,1,3,
200404,136,rudningen,adr,8/19/2017,16,2,ru16,NA,ru16,low,nt,NA,0,0,0,
200405,137,rudningen,adr,8/8/2017,17,1,ru17,NA,ru17,low,op,NA,2,2,9,
200406,137,rudningen,adr,8/19/2017,17,2,ru17,NA,ru17,low,op,NA,3,1,4,
200407,138,rudningen,adr,8/8/2017,18,1,ru18,NA,ru18,low,nt,NA,1,2,1,
200408,138,rudningen,adr,8/19/2017,18,2,ru18,NA,ru18,low,nt,NA,1,2,2,
200409,139,rudningen,adr,8/8/2017,19,1,ru19,NA,ru19,low,nt,NA,1,4,0,
200410,139,rudningen,adr,8/19/2017,19,2,ru19,NA,ru19,low,nt,NA,3,5,7,
200411,140,rudningen,adr,8/8/2017,20,1,ru20,NA,ru20,low,op,NA,1,2,1,
200412,140,rudningen,adr,8/19/2017,20,2,ru20,NA,ru20,low,op,NA,1,3,9,
200413,141,rudningen,adr,8/8/2017,21,1,ru21,NA,ru21,low,nt,NA,2,0,12,
200414,141,rudningen,adr,8/19/2017,21,2,ru21,NA,ru21,low,nt,NA,1,1,8,
200415,142,rudningen,adr,8/8/2017,22,1,ru22,NA,ru22,low,op,NA,9,12,0,
200416,142,rudningen,adr,8/19/2017,22,2,ru22,NA,ru22,low,op,NA,3,8,18,
200417,143,rudningen,adr,8/8/2017,23,1,ru23,NA,ru23,low,hp,NA,4,3,0,
200418,143,rudningen,adr,8/19/2017,23,2,ru23,NA,ru23,low,hp,NA,2,5,28,
200419,144,rudningen,adr,8/8/2017,24,1,ru24,NA,ru24,low,hp,NA,2,4,0,
200420,144,rudningen,adr,8/19/2017,24,2,ru24,NA,ru24,low,hp,NA,2,2,12,
200421,145,rudningen,adr,8/8/2017,25,1,ru25,NA,ru25,low,hp,NA,1,0,0,
200422,145,rudningen,adr,8/19/2017,25,2,ru25,NA,ru25,low,hp,NA,2,3,3,
200423,146,rudningen,adr,8/8/2017,26,1,ru26,NA,ru26,low,hp,NA,4,3,0,
200424,146,rudningen,adr,8/19/2017,26,2,ru26,NA,ru26,low,hp,NA,6,8,12,
200425,147,rudningen,adr,8/8/2017,27,1,ru27,NA,ru27,low,hp,NA,4,3,5,
200426,147,rudningen,adr,8/19/2017,27,2,ru27,NA,ru27,low,hp,NA,2,4,11,
200427,147,rudningen,kmf,8/30/2017,14,3,ru14,ru27,ru27,hi,hp,NA,3,7,27,
200428,147,rudningen,kmf,9/7/2017,14,4,ru14,ru27,ru27,hi,hp,hp,0,2,18,
200429,148,rudningen,adr,8/8/2017,28,1,ru28,NA,ru28,low,nt,NA,0,3,3,
200430,148,rudningen,adr,8/19/2017,28,2,ru28,NA,ru28,low,nt,NA,2,0,1,
200431,149,rudningen,adr,8/8/2017,29,1,ru29,NA,ru29,low,op,NA,4,8,10,
200432,149,rudningen,adr,8/19/2017,29,2,ru29,NA,ru29,low,op,NA,3,2,17,
200433,150,rudningen,adr,8/8/2017,30,1,ru30,NA,ru30,low,op,NA,2,3,2,
200434,150,rudningen,adr,8/19/2017,30,2,ru30,NA,ru30,low,op,NA,6,0,9,
200435,151,silis,chs,8/12/2017,1,1,si1,NA,si1,hi,nt,NA,0,1,0,
200436,151,silis,adr,8/23/2017,1,2,si1,NA,si1,hi,nt,NA,1,0,0,
200437,152,silis,chs,8/12/2017,2,1,si2,NA,si2,hi,nt,NA,0,1,3,
200438,152,silis,adr,8/23/2017,2,2,si2,NA,si2,hi,nt,NA,0,1,2,
200439,153,silis,chs,8/12/2017,3,1,si3,NA,si3,hi,hp,NA,0,26,7,
200440,153,silis,adr,8/23/2017,3,2,si3,NA,si3,hi,hp,NA,2,1,60,
200441,153,silis,adr,8/31/2017,3,3,si3,NA,si3,hi,hp,NA,3,3,8,
200442,153,silis,adr,9/6/2017,3,4,si3,NA,si3,hi,hp,NA,3,0,16,
200443,154,silis,chs,8/12/2017,4,1,si4,NA,si4,hi,op,NA,2,7,15,
200444,154,silis,adr,8/23/2017,4,2,si4,NA,si4,hi,op,NA,0,0,14,
200445,154,silis,adr,8/31/2017,4,3,si4,NA,si4,hi,op,NA,1,4,10,
200446,154,silis,adr,9/6/2017,4,4,si4,NA,si4,hi,op,NA,11,6,18,
200447,155,silis,chs,8/12/2017,5,1,si5,NA,si5,hi,op,NA,5,8,7,
200448,155,silis,adr,8/23/2017,5,2,si5,NA,si5,hi,op,NA,1,7,22,
200449,155,silis,adr,8/31/2017,5,3,si5,NA,si5,hi,op,NA,2,3,5,
200450,155,silis,adr,9/6/2017,5,4,si5,NA,si5,hi,op,NA,3,5,7,
200451,156,silis,chs,8/12/2017,6,1,si6,NA,si6,hi,hp,NA,4,2,0,
200452,156,silis,adr,8/23/2017,6,2,si6,NA,si6,hi,hp,NA,5,8,23,
200453,156,silis,adr,8/31/2017,6,3,si6,NA,si6,hi,hp,NA,2,3,11,
200454,156,silis,adr,9/6/2017,6,4,si6,NA,si6,hi,hp,NA,1,1,12,
200455,157,silis,chs,8/12/2017,7,1,si7,NA,si7,hi,hp,NA,4,8,11,sickly; leaves wilty
200456,157,silis,adr,8/23/2017,7,2,si7,NA,si7,hi,hp,NA,0,0,24,
200457,158,silis,chs,8/12/2017,8,1,si8,NA,si8,hi,op,NA,1,15,8,
200458,158,silis,adr,8/23/2017,8,2,si8,NA,si8,hi,op,NA,2,9,69,
200459,158,silis,adr,8/31/2017,8,3,si8,NA,si8,hi,op,op,1,2,19,
200460,158,silis,adr,9/6/2017,8,4,si8,NA,si8,hi,op,NA,3,1,10,
200461,159,silis,chs,8/12/2017,9,1,si9,NA,si9,hi,hp,NA,5,7,12,
200462,159,silis,adr,8/23/2017,9,2,si9,NA,si9,hi,hp,NA,2,8,34,
200463,159,silis,adr,8/31/2017,9,3,si9,NA,si9,hi,hp,hp,1,2,5,
200464,159,silis,adr,9/6/2017,9,4,si9,NA,si9,hi,hp,NA,4,1,3,
200465,160,silis,chs,8/12/2017,10,1,si10,NA,si10,hi,hp,NA,1,6,8,
200466,160,silis,adr,8/23/2017,10,2,si10,NA,si10,hi,hp,NA,0,14,35,
200467,160,silis,adr,8/31/2017,10,3,si10,NA,si10,hi,hp,hp,1,3,15,
200468,160,silis,adr,9/6/2017,10,4,si10,NA,si10,hi,hp,NA,1,3,10,
200469,161,silis,chs,8/12/2017,11,1,si11,NA,si11,hi,nt,NA,2,7,0,
200470,161,silis,adr,8/23/2017,11,2,si11,NA,si11,hi,nt,NA,1,1,13,
200471,161,silis,adr,8/31/2017,11,3,si11,NA,si11,hi,hp,nt,0,0,6,
200472,161,silis,adr,9/6/2017,11,4,si11,NA,si11,hi,hp,NA,4,1,8,
200473,162,silis,chs,8/12/2017,12,1,si12,NA,si12,hi,nt,NA,3,8,0,
200474,162,silis,adr,8/23/2017,12,2,si12,NA,si12,hi,nt,NA,1,2,25,
200475,162,silis,adr,8/31/2017,12,3,si12,NA,si12,hi,hp,nt,0,0,5,
200476,162,silis,adr,9/6/2017,12,4,si12,NA,si12,hi,hp,NA,0,0,1,
200477,163,silis,chs,8/12/2017,13,1,si13,NA,si13,hi,op,NA,3,9,1,
200478,163,silis,adr,8/23/2017,13,2,si13,NA,si13,hi,op,NA,0,2,25,
200479,164,silis,chs,8/12/2017,14,1,si14,NA,si14,hi,op,NA,3,11,1,
200480,164,silis,adr,8/23/2017,14,2,si14,NA,si14,hi,op,NA,3,6,40,
200481,164,silis,adr,8/31/2017,14,3,si14,NA,si14,hi,op,NA,0,0,5,
200482,164,silis,adr,9/6/2017,14,4,si14,NA,si14,hi,op,NA,1,0,2,
200483,165,silis,chs,8/12/2017,15,1,si15,NA,si15,hi,nt,NA,4,4,3,
200484,165,silis,adr,8/23/2017,15,2,si15,NA,si15,hi,nt,NA,1,2,15,
200485,165,silis,adr,8/31/2017,15,3,si15,NA,si15,hi,op,nt,0,0,8,
200486,165,silis,adr,9/6/2017,15,4,si15,NA,si15,hi,op,NA,2,1,4,
200487,166,silis,chs,8/12/2017,16,1,si16,NA,si16,low,hp,NA,2,3,1,
200488,166,silis,adr,8/23/2017,16,2,si16,NA,si16,low,nt,hp,1,1,4,
200489,167,silis,chs,8/12/2017,17,1,si17,NA,si17,low,nt,NA,3,6,0,replaced
200490,167,silis,adr,8/23/2017,17,2,si17,NA,si17,low,hp,nt,3,7,20,
200491,168,silis,chs,8/12/2017,18,1,si18,NA,si18,low,op,NA,3,2,1,
200492,168,silis,adr,8/23/2017,18,2,si18,NA,si18,low,op,NA,1,3,0,
200493,168,silis,adr,8/31/2017,1,3,si1,si18,si18,hi,op,op,2,3,1,
200494,168,silis,adr,9/6/2017,1,4,si1,si18,si18,hi,op,NA,0,3,11,
200495,169,silis,chs,8/12/2017,19,1,si19,NA,si19,low,nt,NA,0,0,0,
200496,170,silis,chs,8/12/2017,20,1,si20,NA,si20,low,hp,NA,0,6,0,
200497,170,silis,adr,8/23/2017,20,2,si20,NA,si20,low,hp,NA,1,21,49,
200498,170,silis,adr,8/31/2017,7,3,si7,si20,si20,hi,hp,hp,2,9,9,
200499,170,silis,adr,9/6/2017,7,4,si7,si20,si20,hi,hp,NA,9,7,48,
200500,171,silis,chs,8/12/2017,21,1,si21,NA,si21,low,nt,NA,3,11,0,replaced
200501,171,silis,adr,8/23/2017,21,2,si21,NA,si21,low,hp,NA,2,22,44,
200502,171,silis,adr,8/31/2017,2,3,si2,si21,si21,hi,hp,hp,3,5,6,
200503,171,silis,adr,9/6/2017,2,4,si2,si21,si21,hi,hp,NA,1,11,33,
200504,172,silis,chs,8/12/2017,22,1,si22,NA,si22,low,hp,NA,0,7,0,
200505,172,silis,adr,8/23/2017,22,2,si22,NA,si22,low,hp,NA,0,1,7,
200506,173,silis,chs,8/12/2017,23,1,si23,NA,si23,low,op,NA,1,5,0,
200507,173,silis,adr,8/23/2017,23,2,si23,NA,si23,low,op,NA,8,5,18,
200508,173,silis,adr,8/31/2017,13,3,si13,si23,si23,hi,op,op,2,3,6,
200509,173,silis,adr,9/6/2017,13,4,si13,si23,si23,hi,op,NA,2,1,10,
200510,174,silis,chs,8/12/2017,24,1,si24,NA,si24,low,nt,NA,0,0,0,
200511,174,silis,adr,8/23/2017,29,2,si29,si24,si24,low,nt,op,0,0,0,replaced w/ si24
200512,175,silis,chs,8/12/2017,25,1,si25,NA,si25,low,op,NA,0,12,0,
200513,175,silis,adr,8/23/2017,25,2,si25,NA,si25,low,op,NA,0,8,25,
200514,176,silis,chs,8/12/2017,26,1,si26,NA,si26,low,hp,NA,5,9,0,
200515,177,silis,chs,8/12/2017,27,1,si27,NA,si27,low,hp,NA,3,11,6,
200516,178,silis,chs,8/12/2017,28,1,si28,NA,si28,low,nt,NA,0,2,5,
200517,179,silis,chs,8/12/2017,29,1,si29,NA,si29,low,op,NA,2,6,19,
200518,180,silis,chs,8/12/2017,30,1,si30,NA,si30,low,op,NA,3,6,4,
200519,180,silis,adr,8/23/2017,30,2,si30,NA,si30,low,op,NA,0,1,0,
200520,181,staples,adr,8/11/2017,1,1,st1,NA,st1,hi,op,NA,4,5,5,
200521,181,staples,kmf,8/22/2017,1,2,st1,NA,st1,hi,op,NA,2,1,8,
200522,181,staples,adr,8/31/2017,1,3,st1,NA,st1,hi,op,NA,0,2,2,
200523,181,staples,adr,9/6/2017,1,4,st1,NA,st1,hi,op,NA,4,0,5,
200524,182,staples,kmf,8/11/2017,2,1,st2,NA,st2,hi,hp,NA,3,7,0,
200525,182,staples,kmf,8/22/2017,2,2,st2,NA,st2,hi,hp,NA,7,6,11,
200526,182,staples,adr,8/31/2017,2,3,st2,NA,st2,hi,hp,NA,1,1,6,
200527,182,staples,adr,9/6/2017,2,4,st2,NA,st2,hi,hp,NA,4,9,12,
200528,183,staples,kmf,8/11/2017,3,1,st3,NA,st3,hi,nt,NA,1,3,0,
200529,183,staples,kmf,8/22/2017,3,2,st3,NA,st3,hi,nt,NA,0,0,0,
200530,183,staples,adr,8/31/2017,3,3,st3,NA,st3,hi,op,nt,1,1,3,
200531,183,staples,adr,9/6/2017,3,4,st3,NA,st3,hi,op,nt,2,1,4,
200532,184,staples,kmf,8/11/2017,4,1,st4,NA,st4,hi,hp,NA,2,5,3,
200533,184,staples,kmf,8/22/2017,4,2,st4,NA,st4,hi,hp,NA,1,5,10,
200534,184,staples,adr,8/31/2017,4,3,st4,NA,st4,hi,hp,NA,0,2,8,
200535,184,staples,adr,9/6/2017,4,4,st4,NA,st4,hi,hp,NA,1,3,8,
200536,185,staples,kmf,8/11/2017,5,1,st5,NA,st5,hi,hp,NA,0,10,0,
200537,185,staples,kmf,8/22/2017,5,2,st5,NA,st5,hi,hp,NA,0,5,4,replaced 8/22
200538,185,staples,adr,8/31/2017,5,3,st5,NA,st5,hi,hp,NA,0,0,2,
200539,185,staples,adr,9/6/2017,5,4,st5,NA,st5,hi,hp,NA,0,0,1,
200540,186,staples,kmf,8/11/2017,6,1,st6,NA,st6,hi,op,NA,0,13,0,
200541,186,staples,kmf,8/22/2017,6,2,st6,NA,st6,hi,op,NA,0,2,25,
200542,186,staples,adr,8/31/2017,6,3,st6,NA,st6,hi,op,NA,0,0,7,
200543,186,staples,adr,9/6/2017,6,4,st6,NA,st6,hi,op,NA,0,4,5,
200544,187,staples,kmf,8/11/2017,7,1,st7,NA,st7,hi,op,NA,3,3,0,
200545,187,staples,kmf,8/22/2017,7,2,st7,NA,st7,hi,op,NA,0,0,10,
200546,187,staples,adr,8/31/2017,7,3,st7,NA,st7,hi,op,NA,5,5,11,
200547,187,staples,adr,9/6/2017,7,4,st7,NA,st7,hi,op,NA,3,1,8,
200548,188,staples,kmf,8/11/2017,8,1,st8,NA,st8,hi,nt,NA,1,3,0,
200549,188,staples,kmf,8/22/2017,8,2,st8,NA,st8,hi,nt,NA,3,1,11,
200550,189,staples,kmf,8/11/2017,9,1,st9,NA,st9,hi,hp,NA,7,17,0,
200551,189,staples,kmf,8/22/2017,9,2,st9,NA,st9,hi,hp,NA,7,2,29,no paint
200552,189,staples,adr,8/31/2017,9,3,st9,NA,st9,hi,hp,NA,3,3,11,
200553,189,staples,adr,9/6/2017,9,4,st9,NA,st9,hi,hp,NA,1,3,6,
200554,190,staples,kmf,8/11/2017,10,1,st10,NA,st10,hi,nt,NA,0,4,0,
200555,190,staples,kmf,8/22/2017,10,2,st10,NA,st10,hi,nt,NA,0,2,6,
200556,191,staples,kmf,8/11/2017,11,1,st11,NA,st11,hi,op,NA,6,11,0,
200557,191,staples,kmf,8/22/2017,11,2,st11,NA,st11,hi,op,NA,5,7,11,
200558,191,staples,adr,8/31/2017,11,3,st11,NA,st11,hi,op,NA,2,1,14,
200559,191,staples,adr,9/6/2017,11,4,st11,NA,st11,hi,op,NA,1,2,6,
200560,192,staples,kmf,8/11/2017,12,1,st12,NA,st12,hi,nt,NA,0,6,0,
200561,192,staples,kmf,8/22/2017,12,2,st12,NA,st12,hi,nt,NA,0,1,2,
200562,193,staples,kmf,8/11/2017,13,1,st13,NA,st13,hi,op,NA,5,15,0,
200563,193,staples,kmf,8/22/2017,13,2,st13,NA,st13,hi,op,NA,0,16,17,
200564,193,staples,adr,8/31/2017,13,3,st13,NA,st13,hi,op,NA,2,0,24,
200565,193,staples,adr,9/6/2017,13,4,st13,NA,st13,hi,op,NA,0,1,7,
200566,194,staples,kmf,8/11/2017,14,1,st14,NA,st14,hi,nt,NA,0,2,0,
200567,194,staples,kmf,8/22/2017,14,2,st14,NA,st14,hi,nt,NA,0,1,4,
200568,195,staples,kmf,8/11/2017,15,1,st15,NA,st15,hi,hp,NA,4,6,0,
200569,195,staples,kmf,8/22/2017,15,2,st15,NA,st15,hi,hp,NA,7,2,1,no paint
200570,195,staples,adr,8/31/2017,15,3,st15,NA,st15,hi,hp,NA,0,0,14,
200571,195,staples,adr,9/6/2017,15,4,st15,NA,st15,hi,hp,NA,1,0,2,
200572,196,staples,kmf,8/11/2017,16,1,st16,NA,st16,low,hp,NA,5,7,0,
200573,196,staples,kmf,8/22/2017,16,2,st16,NA,st16,low,hp,NA,0,26,18,some paint visible
200574,196,staples,adr,8/31/2017,12,3,st12,st16,st16,hi,hp,hp,4,0,39,
200575,196,staples,adr,9/6/2017,12,4,st12,st16,st16,hi,hp,hp,2,1,13,
200576,197,staples,kmf,8/11/2017,17,1,st17,NA,st17,low,hp,NA,4,7,0,
200577,197,staples,kmf,8/22/2017,17,2,st17,NA,st17,low,hp,NA,3,2,19,no paint
200578,198,staples,kmf,8/11/2017,18,1,st18,NA,st18,low,op,NA,8,14,0,
200579,198,staples,kmf,8/22/2017,18,2,st18,NA,st18,low,op,NA,0,6,6,
200580,198,staples,adr,8/31/2017,8,3,st8,st18,st18,hi,op,op,10,9,11,
200581,198,staples,adr,9/6/2017,8,4,st8,st18,st18,hi,op,op,3,9,37,
200582,199,staples,kmf,8/11/2017,19,1,st19,NA,st19,low,op,NA,6,6,1,
200583,199,staples,kmf,8/22/2017,19,2,st19,NA,st19,low,op,NA,0,2,11,herbivory
200584,200,staples,kmf,8/11/2017,20,1,st20,NA,st20,low,nt,NA,1,3,0,
200585,200,staples,kmf,8/22/2017,20,2,st20,NA,st20,low,nt,NA,1,0,8,
200586,201,staples,kmf,8/11/2017,21,1,st21,NA,st21,low,nt,NA,2,1,0,
200587,201,staples,kmf,8/22/2017,21,2,st21,NA,st21,low,nt,NA,3,4,8,
200588,202,staples,kmf,8/11/2017,22,1,st22,NA,st22,low,hp,NA,1,4,0,
200589,202,staples,kmf,8/22/2017,22,2,st22,NA,st22,low,hp,NA,1,2,11,herbivory
200590,203,staples,kmf,8/11/2017,23,1,st23,NA,st23,low,hp,NA,6,5,0,
200591,203,staples,kmf,8/22/2017,23,2,st23,NA,st23,low,hp,NA,5,2,4,
200592,203,staples,adr,8/31/2017,14,3,st14,st23,st23,hi,hp,hp,6,3,6,
200593,203,staples,adr,9/6/2017,14,4,st14,st23,st23,hi,hp,hp,3,6,11,
200594,204,staples,kmf,8/11/2017,24,1,st24,NA,st24,low,nt,NA,0,4,0,
200595,204,staples,kmf,8/22/2017,24,2,st24,NA,st24,low,nt,NA,0,0,3,
200596,205,staples,kmf,8/11/2017,25,1,st25,NA,st25,low,op,NA,5,2,0,
200597,205,staples,kmf,8/22/2017,25,2,st25,NA,st25,low,op,NA,2,2,3,
200598,205,staples,adr,8/31/2017,10,3,st10,st25,st25,hi,hp,op,1,3,10,
200599,205,staples,adr,9/6/2017,10,4,st10,st25,st25,hi,hp,op,2,4,7,
200600,206,staples,kmf,8/11/2017,26,1,st26,NA,st26,low,op,NA,3,4,7,
200601,206,staples,kmf,8/22/2017,26,2,st26,NA,st26,low,op,NA,0,2,12,
200602,207,staples,kmf,8/11/2017,27,1,st27,NA,st27,low,nt,NA,4,5,1,
200603,207,staples,kmf,8/22/2017,27,2,st27,NA,st27,low,nt,NA,0,2,19,
200604,208,staples,kmf,8/11/2017,28,1,st28,NA,st28,low,op,NA,4,2,6,
200605,208,staples,kmf,8/22/2017,28,2,st28,NA,st28,low,op,NA,0,2,15,
200606,209,staples,kmf,8/11/2017,29,1,st29,NA,st29,low,nt,NA,4,5,0,
200607,209,staples,kmf,8/22/2017,29,2,st29,NA,st29,low,nt,NA,0,5,14,
200608,210,staples,kmf,8/11/2017,30,1,st30,NA,st30,low,hp,NA,0,5,0,
200609,210,staples,kmf,8/22/2017,30,2,st30,NA,st30,low,hp,NA,0,3,5,
200610,211,woltjer,adr,8/11/2017,1,1,wo1,NA,wo1,hi,op,NA,1,3,16,
200611,211,woltjer,adr,8/22/2017,1,2,wo1,NA,wo1,hi,op,NA,1,0,3,
200612,211,woltjer,kmf,8/30/2017,1,3,wo1,NA,wo1,hi,op,NA,2,0,2,
200613,211,woltjer,kmf,9/7/2017,1,4,wo1,NA,wo1,hi,op,NA,2,4,9,
200614,212,woltjer,adr,8/11/2017,2,1,wo2,NA,wo2,hi,nt,NA,1,1,0,
200615,212,woltjer,adr,8/22/2017,2,2,wo2,NA,wo2,hi,nt,NA,2,5,2,
200616,212,woltjer,kmf,8/30/2017,2,3,wo2,NA,wo2,hi,op,nt,1,6,13,
200617,212,woltjer,kmf,9/7/2017,2,4,wo2,NA,wo2,hi,op,nt,1,5,7,
200618,213,woltjer,adr,8/11/2017,3,1,wo3,NA,wo3,hi,hp,NA,3,6,2,
200619,213,woltjer,adr,8/22/2017,3,2,wo3,NA,wo3,hi,hp,NA,6,23,27,
200620,213,woltjer,kmf,8/30/2017,3,3,wo3,NA,wo3,hi,hp,NA,6,7,3,
200621,213,woltjer,kmf,9/7/2017,3,4,wo3,NA,wo3,hi,hp,NA,1,12,19,
200622,214,woltjer,adr,8/11/2017,4,1,wo4,NA,wo4,hi,nt,NA,1,1,1,
200623,214,woltjer,adr,8/22/2017,4,2,wo4,NA,wo4,hi,nt,NA,0,1,4,
200624,215,woltjer,adr,8/11/2017,5,1,wo5,NA,wo5,hi,hp,NA,5,4,6,
200625,215,woltjer,adr,8/22/2017,5,2,wo5,NA,wo5,hi,hp,NA,1,3,6,
200626,215,woltjer,kmf,8/30/2017,5,3,wo5,NA,wo5,hi,hp,NA,4,3,19,
200627,215,woltjer,kmf,9/7/2017,5,4,wo5,NA,wo5,hi,hp,NA,4,1,14,
200628,216,woltjer,adr,8/11/2017,6,1,wo6,NA,wo6,hi,hp,NA,7,8,3,
200629,216,woltjer,adr,8/22/2017,6,2,wo6,NA,wo6,hi,hp,NA,0,3,28,
200630,216,woltjer,kmf,8/30/2017,6,3,wo6,NA,wo6,hi,hp,NA,4,0,7,
200631,216,woltjer,kmf,9/7/2017,6,4,wo6,NA,wo6,hi,hp,NA,3,0,5,
200632,217,woltjer,adr,8/11/2017,7,1,wo7,NA,wo7,hi,nt,NA,2,3,0,
200633,217,woltjer,adr,8/22/2017,7,2,wo7,NA,wo7,hi,nt,NA,0,2,3,
200634,217,woltjer,kmf,8/30/2017,7,3,wo7,NA,wo7,hi,hp,nt,1,3,5,
200635,217,woltjer,kmf,9/7/2017,7,4,wo7,NA,wo7,hi,hp,nt,0,8,6,
200636,218,woltjer,adr,8/11/2017,8,1,wo8,NA,wo8,hi,hp,NA,2,2,0,
200637,218,woltjer,adr,8/22/2017,8,2,wo8,NA,wo8,hi,hp,NA,1,2,12,
200638,218,woltjer,kmf,8/30/2017,8,3,wo8,NA,wo8,hi,hp,NA,1,0,1,
200639,218,woltjer,kmf,9/7/2017,8,4,wo8,NA,wo8,hi,hp,NA,1,3,5,
200640,219,woltjer,adr,8/11/2017,9,1,wo9,NA,wo9,hi,nt,NA,0,2,9,
200641,219,woltjer,adr,8/22/2017,9,2,wo9,NA,wo9,hi,nt,NA,1,1,6,
200642,219,woltjer,kmf,8/30/2017,9,3,wo9,NA,wo9,hi,op,nt,1,3,0,
200643,219,woltjer,kmf,9/7/2017,9,4,wo9,NA,wo9,hi,op,nt,0,5,3,
200644,220,woltjer,adr,8/11/2017,10,1,wo10,NA,wo10,hi,hp,NA,3,2,0,
200645,220,woltjer,adr,8/22/2017,10,2,wo10,NA,wo10,hi,hp,NA,1,2,12,bee visit
200646,220,woltjer,kmf,8/30/2017,10,3,wo10,NA,wo10,hi,hp,NA,0,1,1,
200647,220,woltjer,kmf,9/7/2017,10,4,wo10,NA,wo10,hi,hp,NA,1,0,2,
200648,221,woltjer,adr,8/11/2017,11,1,wo11,NA,wo11,hi,nt,NA,0,0,7,
200649,221,woltjer,adr,8/22/2017,11,2,wo11,NA,wo11,hi,nt,NA,1,0,1,
200650,222,woltjer,adr,8/11/2017,12,1,wo12,NA,wo12,hi,op,NA,1,3,0,
200651,222,woltjer,adr,8/22/2017,12,2,wo12,NA,wo12,hi,op,NA,4,0,16,
200652,222,woltjer,kmf,8/30/2017,12,3,wo12,NA,wo12,hi,op,NA,2,5,4,
200653,222,woltjer,kmf,9/7/2017,12,4,wo12,NA,wo12,hi,op,NA,0,4,2,
200654,223,woltjer,adr,8/11/2017,13,1,wo13,NA,wo13,hi,op,NA,3,4,3,
200655,223,woltjer,adr,8/22/2017,13,2,wo13,NA,wo13,hi,op,NA,0,1,3,
200656,223,woltjer,kmf,8/30/2017,13,3,wo13,NA,wo13,hi,op,NA,0,3,2,
200657,223,woltjer,kmf,9/7/2017,13,4,wo13,NA,wo13,hi,op,NA,6,4,6,
200658,224,woltjer,adr,8/11/2017,14,1,wo14,NA,wo14,hi,op,NA,2,4,0,
200659,224,woltjer,adr,8/22/2017,14,2,wo14,NA,wo14,hi,op,NA,0,1,5,
200660,224,woltjer,kmf,8/30/2017,14,3,wo14,NA,wo14,hi,op,NA,6,7,6,
200661,224,woltjer,kmf,9/7/2017,14,4,wo14,NA,wo14,hi,op,NA,9,9,13,
200662,225,woltjer,adr,8/11/2017,15,1,wo15,NA,wo15,hi,op,NA,0,2,0,
200663,225,woltjer,adr,8/22/2017,15,2,wo15,NA,wo15,hi,op,NA,5,0,13,
200664,226,woltjer,adr,8/11/2017,16,1,wo16,NA,wo16,low,hp,NA,5,15,8,
200665,226,woltjer,adr,8/22/2017,16,2,wo16,NA,wo16,low,hp,NA,2,5,43,
200666,226,woltjer,kmf,8/30/2017,15,3,wo15,wo16,wo16,hi,hp,hp,7,6,9,
200667,226,woltjer,kmf,9/7/2017,15,4,wo15,wo16,wo16,hi,hp,hp,14,8,17,
200668,227,woltjer,adr,8/11/2017,17,1,wo17,NA,wo17,low,nt,NA,1,5,15,accidentally marked;herbivory
200669,227,woltjer,adr,8/22/2017,17,2,wo17,NA,wo17,low,nt,NA,1,1,3,
200670,228,woltjer,adr,8/11/2017,18,1,wo18,NA,wo18,low,hp,NA,2,7,6,
200671,228,woltjer,adr,8/22/2017,18,2,wo18,NA,wo18,low,hp,NA,0,0,19,
200672,229,woltjer,adr,8/11/2017,19,1,wo19,NA,wo19,low,nt,NA,0,1,6,
200673,229,woltjer,adr,8/22/2017,19,2,wo19,NA,wo19,low,nt,NA,1,0,5,
200674,230,woltjer,adr,8/11/2017,20,1,wo20,NA,wo20,low,nt,NA,0,0,0,herbivory
200675,231,woltjer,adr,8/11/2017,21,1,wo21,NA,wo21,low,nt,NA,0,1,0,herbivory
200676,231,woltjer,adr,8/22/2017,21,2,wo21,NA,wo21,low,nt,NA,0,0,2,
200677,232,woltjer,adr,8/11/2017,22,1,wo22,NA,wo22,low,hp,NA,0,15,0,
200678,232,woltjer,adr,8/22/2017,22,2,wo22,NA,wo22,low,hp,NA,7,1,25,
200679,232,woltjer,kmf,8/30/2017,11,3,wo11,wo22,wo22,hi,op,nt,5,12,2,
200680,232,woltjer,kmf,9/7/2017,11,4,wo11,wo22,wo22,hi,op,nt,11,11,17,
200681,233,woltjer,adr,8/11/2017,23,1,wo23,NA,wo23,low,nt,NA,0,0,3,herbivory
200682,233,woltjer,adr,8/22/2017,23,2,wo23,NA,wo23,low,nt,NA,0,2,4,
200683,234,woltjer,adr,8/11/2017,24,1,wo24,NA,wo24,low,op,NA,2,0,3,replaced
200684,234,woltjer,adr,8/22/2017,24,2,wo24,NA,wo24,low,op,NA,4,3,23,
200685,235,woltjer,adr,8/11/2017,25,1,wo25,NA,wo25,low,op,NA,2,1,5,
200686,235,woltjer,adr,8/22/2017,25,2,wo25,NA,wo25,low,op,NA,1,0,3,
200687,236,woltjer,adr,8/11/2017,26,1,wo26,NA,wo26,low,op,NA,2,0,7,
200688,236,woltjer,adr,8/22/2017,26,2,wo26,NA,wo26,low,op,NA,2,1,25,
200689,237,woltjer,adr,8/11/2017,27,1,wo27,NA,wo27,low,op,NA,1,5,4,
200690,237,woltjer,adr,8/22/2017,27,2,wo27,NA,wo27,low,op,NA,0,3,21,
200691,238,woltjer,adr,8/11/2017,28,1,wo28,NA,wo28,low,hp,NA,2,2,2,
200692,238,woltjer,adr,8/22/2017,28,2,wo28,NA,wo28,low,hp,NA,3,3,18,
200693,239,woltjer,adr,8/11/2017,29,1,wo29,NA,wo29,low,hp,NA,3,3,1,bombus visit
200694,239,woltjer,adr,8/22/2017,29,2,wo29,NA,wo29,low,hp,NA,2,2,14,
200695,239,woltjer,kmf,8/30/2017,4,3,wo4,wo29,wo29,hi,hp,hp,3,1,5,
200696,239,woltjer,kmf,9/7/2017,4,4,wo4,wo29,wo29,hi,hp,hp,1,6,6,
200697,240,woltjer,adr,8/11/2017,30,1,wo30,NA,wo30,low,op,NA,1,3,10,
200698,240,woltjer,adr,8/22/2017,30,2,wo30,NA,wo30,low,op,NA,0,2,13,
200699,241,braaten,adr,8/20/2017,2,2,br2,replace,br2,hi,hp,NA,3,5,4,replaced; pref marked as 2 flowers but notes indicated painted later
200700,241,braaten,kmf,8/31/2017,2,3,br2,replace,br2,hi,hp,NA,1,0,7,replaced rd2
200701,241,braaten,kmf,9/6/2017,2,4,br2,NA,br2,hi,hp,NA,4,1,1,
200702,242,braaten,adr,8/20/2017,4,2,br4,replace,br4,hi,op,NA,1,3,42,replaced
200703,242,braaten,kmf,8/31/2017,4,3,br4,replace,br4,hi,op,NA,2,2,15,
200704,242,braaten,kmf,9/6/2017,4,4,br4,NA,br4,hi,op,NA,6,6,6,
200705,243,braaten,adr,8/20/2017,9,2,br9,replace,br9,hi,hp,NA,3,1,17,replaced
200706,243,braaten,adr,8/20/2017,13,2,br13,replace,br13,hi,hp,NA,2,0,6,replaced
200707,243,braaten,kmf,8/31/2017,9,3,br9,replace,br9,hi,hp,NA,4,2,17,
200708,243,braaten,kmf,9/6/2017,9,4,br9,NA,br9,hi,hp,NA,5,1,5,
200709,245,grohn,kmf,8/23/2017,12,2,gr12,replace,gr12,hi,nt,NA,0,2,11,
200710,245,grohn,adr,8/30/2017,12,3,gr12,replace,gr12,hi,op,nt,0,0,6,
200711,245,grohn,adr,9/7/2017,12,4,gr12,replace,gr12,hi,op,nt,1,0,0,
200712,246,rudningen,adr,8/19/2017,5,2,ru5,replace,ru5,hi,hp,NA,7,4,15,replaced
200713,246,rudningen,kmf,8/30/2017,5,3,ru5,replace,ru5,hi,hp,NA,2,0,10,
200714,246,rudningen,kmf,9/7/2017,5,4,ru5,replace,ru5,hi,hp,NA,2,2,6,
200715,247,silis,adr,8/23/2017,19,2,si19,replace,si19,low,nt,NA,2,0,4,replaced
200716,248,silis,adr,8/23/2017,24,2,si24,replace,si24,low,hp,NA,0,0,5,replaced
200717,249,silis,adr,8/23/2017,26,2,si26,replace,si26,low,op,NA,0,0,2,replaced
200718,250,silis,adr,8/23/2017,27,2,si27,replace,si27,low,nt,NA,0,0,0,replaced
200719,251,silis,adr,8/23/2017,28,2,si28,replace,si28,low,nt,NA,0,0,7,replaced
200720,252,woltjer,adr,8/22/2017,20,2,wo20,replace,wo20,low,nt,NA,1,1,2,replaced
200721,253,henningson,chs,8/14/2017,1,1,he1,NA,he1,hi,nt,NA,0,3,0,
200722,254,henningson,chs,8/14/2017,2,1,he2,NA,he2,hi,nt,NA,0,0,0,
200723,255,henningson,chs,8/14/2017,3,1,he3,NA,he3,hi,op,NA,2,3,6,
200724,256,henningson,chs,8/14/2017,4,1,he4,NA,he4,hi,nt,NA,0,0,0,
200725,257,henningson,chs,8/14/2017,5,1,he5,NA,he5,hi,op,NA,1,2,14,
200726,258,henningson,chs,8/14/2017,6,1,he6,NA,he6,hi,hp,NA,0,2,4,
200727,259,henningson,chs,8/14/2017,7,1,he7,NA,he7,hi,op,NA,1,2,3,
200728,260,henningson,chs,8/14/2017,8,1,he8,NA,he8,hi,hp,NA,9,28,29,
200729,261,henningson,chs,8/14/2017,9,1,he9,NA,he9,hi,nt,NA,5,2,0,
200730,262,henningson,chs,8/14/2017,10,1,he10,NA,he10,hi,op,NA,4,22,1,
200731,263,henningson,chs,8/14/2017,11,1,he11,NA,he11,hi,op,NA,0,3,6,
200732,264,henningson,chs,8/14/2017,12,1,he12,NA,he12,hi,hp,NA,2,5,1,
200733,265,henningson,chs,8/14/2017,13,1,he13,NA,he13,hi,hp,NA,0,5,4,
200734,266,henningson,chs,8/14/2017,14,1,he14,NA,he14,hi,hp,NA,0,1,4,
200735,267,henningson,chs,8/14/2017,15,1,he15,NA,he15,hi,nt,NA,0,0,0,
200736,268,henningson,chs,8/14/2017,16,1,he16,NA,he16,low,op,NA,8,4,0,
200737,269,henningson,chs,8/14/2017,17,1,he17,NA,he17,low,hp,NA,1,3,1,
200738,270,henningson,chs,8/14/2017,18,1,he18,NA,he18,low,op,NA,4,7,0,
200739,271,henningson,chs,8/14/2017,19,1,he19,NA,he19,low,op,NA,2,9,1,
200740,272,henningson,chs,8/14/2017,20,1,he20,NA,he20,low,nt,NA,0,0,1,
200741,273,henningson,chs,8/14/2017,21,1,he21,NA,he21,low,op,NA,5,6,0,
200742,274,henningson,chs,8/14/2017,22,1,he22,NA,he22,low,nt,NA,1,1,0,
200743,275,henningson,chs,8/14/2017,23,1,he23,NA,he23,low,hp,NA,3,6,0,
200744,276,henningson,chs,8/14/2017,24,1,he24,NA,he24,low,op,NA,2,2,0,
200745,277,henningson,chs,8/14/2017,25,1,he25,NA,he25,low,nt,NA,1,1,0,
200746,278,henningson,chs,8/14/2017,26,1,he26,NA,he26,low,nt,NA,1,1,15,
200747,279,henningson,chs,8/14/2017,27,1,he27,NA,he27,low,hp,NA,3,10,6,
200748,280,henningson,chs,8/14/2017,28,1,he28,NA,he28,low,hp,NA,2,5,4,
200749,281,henningson,chs,8/14/2017,29,1,he29,NA,he29,low,nt,NA,3,0,0,
200750,282,henningson,chs,8/14/2017,30,1,he30,NA,he30,low,hp,NA,2,2,5,
200751,283,nygard,adr//aw,8/14/2017,1,1,ny1,NA,ny1,hi,nt,NA,0,4,1,
200752,284,nygard,adr//aw,8/14/2017,2,1,ny2,NA,ny2,hi,op,NA,0,6,0,
200753,285,nygard,adr//aw,8/14/2017,3,1,ny3,NA,ny3,hi,op,NA,3,7,2,
200754,286,nygard,adr//aw,8/14/2017,4,1,ny4,NA,ny4,hi,hp,NA,1,4,0,
200755,287,nygard,adr//aw,8/14/2017,5,1,ny5,NA,ny5,hi,op,NA,3,4,0,
200756,288,nygard,adr//aw,8/14/2017,6,1,ny6,NA,ny6,hi,hp,NA,7,14,0,
200757,289,nygard,adr//aw,8/14/2017,7,1,ny7,NA,ny7,hi,hp,NA,4,17,10,
200758,290,nygard,adr//aw,8/14/2017,8,1,ny8,NA,ny8,hi,nt,NA,1,2,3,
200759,291,nygard,adr//aw,8/14/2017,9,1,ny9,NA,ny9,hi,nt,NA,0,4,7,
200760,292,nygard,adr//aw,8/14/2017,10,1,ny10,NA,ny10,hi,nt,NA,0,5,5,
200761,293,nygard,adr//aw,8/14/2017,11,1,ny11,NA,ny11,hi,op,NA,3,10,6,
200762,294,nygard,adr//aw,8/14/2017,12,1,ny12,NA,ny12,hi,op,NA,0,11,11,
200763,295,nygard,adr//aw,8/14/2017,13,1,ny13,NA,ny13,hi,hp,NA,5,7,5,
200764,296,nygard,adr//aw,8/14/2017,14,1,ny14,NA,ny14,hi,nt,NA,0,3,8,
200765,297,nygard,adr//aw,8/14/2017,15,1,ny15,NA,ny15,hi,hp,NA,5,14,4,
200766,298,nygard,adr//aw,8/14/2017,16,1,ny16,NA,ny16,low,nt,NA,1,5,11,
200767,299,nygard,adr//aw,8/14/2017,17,1,ny17,NA,ny17,low,nt,NA,0,3,4,
200768,300,nygard,adr//aw,8/14/2017,18,1,ny18,NA,ny18,low,nt,NA,1,0,1,
200769,301,nygard,adr//aw,8/14/2017,19,1,ny19,NA,ny19,low,hp,NA,5,7,10,
200770,302,nygard,adr//aw,8/14/2017,20,1,ny20,NA,ny20,low,op,NA,2,3,7,
200771,303,nygard,adr//aw,8/14/2017,21,1,ny21,NA,ny21,low,nt,NA,0,5,6,
200772,304,nygard,adr//aw,8/14/2017,22,1,ny22,NA,ny22,low,hp,NA,3,8,2,
200773,305,nygard,adr//aw,8/14/2017,23,1,ny23,NA,ny23,low,op,NA,1,3,2,
200774,306,nygard,adr//aw,8/14/2017,24,1,ny24,NA,ny24,low,op,NA,3,12,9,
200775,307,nygard,adr//aw,8/14/2017,25,1,ny25,NA,ny25,low,hp,NA,7,2,5,
200776,308,nygard,adr//aw,8/14/2017,26,1,ny26,NA,ny26,low,nt,NA,1,2,2,
200777,309,nygard,adr//aw,8/14/2017,27,1,ny27,NA,ny27,low,op,NA,2,5,9,
200778,310,nygard,adr//aw,8/14/2017,28,1,ny28,NA,ny28,low,op,NA,3,10,3,
200779,311,nygard,adr//aw,8/14/2017,29,1,ny29,NA,ny29,low,hp,NA,2,4,3,
200780,312,nygard,adr//aw,8/14/2017,30,1,ny30,NA,ny30,low,hp,NA,1,7,12,
