fruitID,year,month,day,plantID,prevplantID,og.plantposition,round,filled.seeds,shriv.seeds,total.seeds,virgin.ovules,abrt.ovules,total.ovules,notes,counter,observer,CHECK.row.sum,CHECK.total.ovules,Ratio CHECK Total/Total,Ratio  row sum/total
800001,2017,9,12,st14,st23,st23,2,7,1,8,1,0,9,,adr,adr,9,9,1,1
800002,2017,9,12,st17,na,st17,2,1,0,1,11,0,12,seed small yellow,adr,,12,12,1,1
800003,2017,9,12,st17,na,st17,2,5,0,5,8,0,13,,adr,,13,13,1,1
800004,2017,9,13,gr14,na,gr14,2,8,0,8,6,0,14,,adr,adr,14,14,1,1
800005,2017,9,13,gr14,na,gr14,2,9,0,9,2,0,11,,adr,adr,11,11,1,1
800006,2017,9,13,gr14,na,gr14,2,9,0,9,4,0,13,,adr,adr,13,13,1,1
800007,2017,9,12,st16,st25,st25,2,3,0,3,7,0,10,very small fruit/seeds not fully filled/op rd 1 &2,adr,adr,10,10,1,1
800008,2017,9,12,st16,st25,st25,2,3,0,3,7,0,10,very small fruit/seeds not fully filled/op rd 1 &2,adr,adr,10,10,1,1
800009,2017,9,12,st16,st25,st25,1,4,0,4,11,0,15,op rd 1 & 2,adr,,15,15,1,1
800010,2017,9,12,st28,na,st28,1,8,0,8,4,0,12,,adr,,12,12,1,1
800011,2017,9,12,st9,na,st9,2,6,0,6,8,0,14,,adr,,14,14,1,1
800012,2017,9,12,st9,na,st9,2,6,0,6,5,0,11,,adr,,11,11,1,1
800013,2017,9,12,st11,na,st11,1,12,0,12,1,0,13,,adr,,13,13,1,1
800014,2017,9,12,st11,na,st11,1,12,0,12,1,0,13,,adr,,13,13,1,1
800015,2017,9,12,st11,na,st11,2,7,0,7,3,0,10,,adr,,10,10,1,1
800016,2017,9,12,st4,na,st4,2,7,1,8,3,0,11,1 shriveled fruit damaged by herbivory,adr,,11,11,1,1
800017,2017,9,12,st1,na,st1,2,1,0,1,11,0,12,1 seed small yellow,adr,,12,12,1,1
800018,2017,9,12,st12,st16,st16,1,6,0,6,4,0,10,,adr,,10,10,1,1
800019,2017,9,12,st12,st16,st16,1,7,0,7,5,0,12,,adr,,12,12,1,1
800020,2017,9,12,st12,st16,st16,1,11,0,11,0,0,11,,adr,,11,11,1,1
800021,2017,9,12,st12,st16,st16,1,8,2,10,0,1,11,2 small brown seeds less filled than others/ aborted ovule area appears to have begun filling but became diseased and was shunted off from fruit,adr,,11,11,1,1
800022,2017,9,12,st15,na,st15,2,7,0,7,4,0,11,,adr,,11,11,1,1
800023,2017,9,12,st15,na,st15,2,11,0,11,0,0,11,,adr,,11,11,1,1
800024,2017,9,12,st15,na,st15,2,9,1,10,3,0,13,1 small seed with no obvious endosperm or embryo darkening,adr,,13,13,1,1
800025,2017,9,12,st15,na,st15,2,11,0,11,1,0,12,,adr,,12,12,1,1
800026,2017,9,12,st15,na,st15,2,3,0,3,9,0,12,seeds still filling/yellow and small,adr,,12,12,1,1
800027,2017,9,12,st13,na,st13,1,3,0,3,9,0,12,seeds still filling/endosperm filling and darkening but not plump,adr,,12,12,1,1
800028,2017,9,12,st13,na,st13,1,6,0,6,6,0,12,seeds still filling/endosperm beginning to darken,adr,,12,12,1,1
800029,2017,9,12,st23,na,st23,2,4,0,4,8,0,12,seeds still filling/endosperm beginning to darken,adr,,12,12,1,1
800030,2017,9,12,st23,na,st23,2,6,0,6,8,0,14,seeds still filling/endosperm beginning to darken,adr,,14,14,1,1
800031,2017,9,12,st23,na,st23,1,13,0,13,0,0,13,,adr,,13,13,1,1
800032,2017,9,12,st23,na,st23,1,8,0,8,6,0,14,,adr,,14,14,1,1
800033,2017,9,12,st2,na,st2,1,6,0,6,6,0,12,,adr,,12,12,1,1
800034,2017,9,12,st2,na,st2,2,5,0,5,6,0,11,seeds still filling/no endosperm signs yet/small green,adr,,11,11,1,1
800035,2017,9,12,wo24,na,wo24,1,8,2,10,1,0,11,seeds plump and dark/ small seed not filled,adr,,11,11,1,1
800036,2017,9,12,wo24,na,wo24,2,9,1,10,1,0,11,seeds still filling/one much smaller with less fill,adr,,11,11,1,1
800037,2017,9,12,wo3,na,wo3,2,11,1,12,0,0,12,f1/small seed 2/3rd size of fill seeds. Less fill,adr,,12,12,1,1
800038,2017,9,12,wo3,na,wo3,2,6,1,7,3,3,13,f2,adr,,13,13,1,1
800039,2017,9,12,wo3,na,wo3,2,11,1,12,1,0,13,f3,adr,,13,13,1,1
800040,2017,9,12,wo3,na,wo3,2,11,1,12,1,0,13,f4,adr,,13,13,1,1
800041,2017,9,12,wo3,na,wo3,2,13,0,13,0,0,13,f5,adr,,13,13,1,1
800042,2017,9,12,wo3,na,wo3,2,2,0,2,9,1,12,f6/1 abrt from herbiv/seeds yellow,adr,,12,12,1,1
800043,2017,9,12,wo5,na,wo5,1,8,1,9,5,0,14,1/small seed small dark filled,adr,,14,14,1,1
800044,2017,9,12,wo5,na,wo5,1,6,0,6,8,0,14,2,adr,,14,14,1,1
800045,2017,9,12,wo5,na,wo5,1,5,1,6,9,0,15,3/small seed small dark filled,adr,,15,15,1,1
800046,2017,9,12,wo5,na,wo5,2,5,0,5,10,0,15,,adr,,15,15,1,1
800047,2017,9,12,wo4,wo29,wo29,1,4,0,4,10,0,14,1,adr,,14,14,1,1
800048,2017,9,12,wo4,wo29,wo29,1,5,1,6,6,0,12,2/small see yellowish not as large,adr,,12,12,1,1
800049,2017,9,12,wo4,wo29,wo29,2,8,0,8,4,0,12,1/seeds still filling w endo,adr,,12,12,1,1
800050,2017,9,12,wo4,wo29,wo29,2,12,0,12,1,0,13,2/2 seeds a little yellow not as mature as others,adr,,13,13,1,1
800051,2017,9,12,wo1,na,wo1,1,12,0,12,1,0,13,,adr,,13,13,1,1
800052,2017,9,12,wo1,na,wo1,2,1,4,5,4,3,12,seeds not far along/ yellow,adr,,12,12,1,1
800053,2017,9,12,wo6,na,wo6,1,11,0,11,1,0,12,1,adr,,12,12,1,1
800054,2017,9,12,wo6,na,wo6,1,3,0,3,9,0,12,2,adr,,12,12,1,1
800055,2017,9,12,wo6,na,wo6,1,11,1,12,0,0,12,3/shriv sheed not fully filled,adr,,12,12,1,1
800056,2017,9,12,wo6,na,wo6,1,10,0,10,1,0,11,4,adr,,11,11,1,1
800057,2017,9,12,wo6,na,wo6,1,3,0,3,7,0,10,5,adr,,10,10,1,1
800058,2017,9,12,wo6,na,wo6,1,10,0,10,1,0,11,6,adr,,11,11,1,1
800059,2017,9,12,wo6,na,wo6,1,9,0,9,2,0,11,7,adr,,11,11,1,1
800060,2017,9,12,wo10,na,wo10,1,8,0,8,6,0,14,1/ shriv seed not fully filled,adr,,14,14,1,1
800061,2017,9,12,wo10,na,wo10,1,7,1,8,6,0,14,2,adr,,14,14,1,1
800062,2017,9,12,wo13,na,wo13,1,9,0,9,1,0,10,2,adr,,10,10,1,1
800063,2017,9,12,wo13,na,wo13,1,10,0,10,1,0,11,1,adr,,11,11,1,1
800064,2017,9,12,wo15,wo16,wo16,1,3,0,3,7,1,11,1/abrt ovule looks damaged/,adr,,11,11,1,1
800065,2017,9,12,wo15,wo16,wo16,3,8,0,8,0,0,8,"all seeds very small, hadn't completed filling",adr,,8,8,1,1
800066,2017,9,13,gr10,gr27,gr27,2,11,0,11,2,0,13,3/gr27,adr,,13,13,1,1
800067,2017,9,13,gr10,gr27,gr27,2,5,0,5,9,0,14,1/gr27,adr,,14,14,1,1
800068,2017,9,13,gr10,gr27,gr27,2,13,0,13,1,0,14,2/gr27,adr,,14,14,1,1
800069,2017,9,13,gr7,na,gr7,1,10,1,11,0,0,11,1/shriv seed smaller than others,adr,,11,11,1,1
800070,2017,9,13,gr7,na,gr7,1,9,1,10,0,0,10,2/ shriv seed not as filled,adr,,10,10,1,1
800071,2017,9,13,gr6,gr16,gr16,1,7,0,7,5,0,12,3,adr,,12,12,1,1
800072,2017,9,13,gr6,gr16,gr16,1,13,0,13,0,0,13,4,adr,,13,13,1,1
800073,2017,9,13,gr6,gr16,gr16,1,14,0,14,1,0,15,2,adr,,15,15,1,1
800074,2017,9,13,gr6,gr16,gr16,1,10,0,10,3,0,13,1,adr,,13,13,1,1
800075,2017,9,13,gr11,na,gr11,2,14,1,15,0,0,15,1/shriv seed very small abrtd;seeds yellow low fill,adr,,15,15,1,1
800076,2017,9,13,gr11,na,gr11,2,13,0,13,3,0,16,2/ seeds yellow low fill,adr,,16,16,1,1
800077,2017,9,13,gr15,gr29,gr29,2,9,1,10,2,0,12,seeds small yellow; shriv seed less fill than others,adr,,12,12,1,1
800078,2017,9,13,gr8,gr18,gr18,1,10,2,12,1,0,13,1/gr18 fruit/2 shriv seeds small yellow less fill,adr,,13,13,1,1
800079,2017,9,13,gr8,gr18,gr18,1,10,0,10,1,0,11,2,adr,,11,11,1,1
800080,2017,9,13,gr8,gr18,gr18,1,6,5,11,0,0,11,3,adr,,11,11,1,1
800081,2017,9,13,gr8,gr18,gr18,1,6,0,6,2,1,9,4/ distal end of fruit damaged by herbivory; ovule fill ratio likely skewed/DROP?,adr,,9,9,1,1
800082,2017,9,13,gr8,gr18,gr18,2,9,0,9,2,0,11,2/seeds beginning fill,adr,,11,11,1,1
800083,2017,9,13,gr8,gr18,gr18,2,9,0,9,3,0,12,3,adr,,12,12,1,1
800084,2017,9,13,gr8,gr18,gr18,2,10,1,11,0,0,11,4/shriv seed small green; no fill; no hardening; ,adr,,11,11,1,1
800085,2017,9,13,gr8,gr18,gr18,2,11,0,11,1,0,12,1,adr,,12,12,1,1
800086,2017,9,13,gr4,na,gr4,1,12,0,12,0,0,12,1,adr,,12,12,1,1
800087,2017,9,13,gr4,na,gr4,1,11,0,11,0,0,11,2,adr,,11,11,1,1
800088,2017,9,13,gr4,na,gr4,1,10,0,10,2,0,12,3,adr,,12,12,1,1
800089,2017,9,13,gr4,na,gr4,1,11,1,12,0,0,12,4/ shriv seed little fill,adr,,12,12,1,1
800090,2017,9,13,gr4,na,gr4,1,10,0,10,1,0,11,5,adr,,11,11,1,1
800091,2017,9,13,gr4,na,gr4,1,12,0,12,0,0,12,6/1 extra fruit picked=12/12 ovule fill,adr,,12,12,1,1
800092,2017,9,13,gr5,na,gr5,1,10,1,11,1,0,12,1/ shriv seed less fill,adr,,12,12,1,1
800093,2017,9,13,gr5,na,gr5,2,3,0,3,2,0,5,1/ fruit shriveled unable to locate more ovules is present/DROP?,adr,,5,5,1,1
800094,2017,9,13,gr5,na,gr5,2,2,0,2,9,0,11,2/seeds yellow no fill apparent,adr,,11,11,1,1
800095,2017,9,13,gr9,na,gr9,1,9,2,11,1,0,12,1/shriv seeds brown but less fill,adr,,12,12,1,1
800096,2017,9,13,gr9,na,gr9,2,2,0,2,11,0,13,shriv fruit; seeds yellow with low fill,adr,,13,13,1,1
800097,2017,9,13,gr2,na,gr2,2,8,0,8,3,0,11,2,adr,,11,11,1,1
800098,2017,9,13,gr2,na,gr2,2,9,0,9,2,0,11,1,adr,,11,11,1,1
800099,2017,9,13,gr2,na,gr2,2,10,2,12,0,0,12,3/seeds filling and darkening; 2 seeds yellow with less fill,adr,,12,12,1,1
800100,2017,9,13,gr1,na,gr1,1,8,0,8,6,0,14,1,adr,,14,14,1,1
800101,2017,9,13,gr1,na,gr1,1,7,0,7,8,0,15,2,adr,,15,15,1,1
800102,2017,9,13,gr1,na,gr1,1,8,0,8,6,0,14,3,adr,,14,14,1,1
800103,2017,9,13,gr1,na,gr1,2,6,0,6,7,0,13,1,adr,,13,13,1,1
800104,2017,9,12,br12,br23,br23,1,12,0,12,1,0,13,3,mc,,13,13,1,1
800105,2017,9,12,br12,br23,br23,2,8,0,8,4,0,12,1,mc,,12,12,1,1
800106,2017,9,12,br12,br23,br23,1,11,0,11,1,0,12,1,mc,,12,12,1,1
800107,2017,9,12,br1,na,br1,1,13,0,13,0,0,13,3,mc,,13,13,1,1
800108,2017,9,12,br1,na,br1,2,0,12,12,0,0,12,2,mc,,12,12,1,1
800109,2017,9,12,br1,na,br1,1,12,0,12,1,0,13,1,mc,,13,13,1,1
800110,2017,9,12,br2,na,br2,2,6,2,8,5,0,13,1,mc,,13,13,1,1
800111,2017,9,12,br2,na,br2,2,8,0,8,4,0,12,1,mc,,12,12,1,1
800112,2017,9,12,br10,na,br10,1,9,0,9,2,0,11,1,mc,,11,11,1,1
800113,2017,9,12,br8,na,br8,1,12,0,12,1,0,13,1,mc,,13,13,1,1
800114,2017,9,12,br13,br19,br19,1,11,0,11,1,0,12,1,mc,,12,12,1,1
800115,2017,9,12,br3,na,br3,1,14,0,14,0,0,14,1,mc,,14,14,1,1
800116,2017,9,12,br3,na,br3,1,13,0,13,1,0,14,2,mc,,14,14,1,1
800117,2017,9,12,br3,na,br3,1,9,0,9,5,0,14,3,mc,,14,14,1,1
800118,2017,9,12,br3,na,br3,1,11,0,11,1,1,13,4,mc,,13,13,1,1
800119,2017,9,12,br3,na,br3,1,10,3,13,2,0,15,5,mc,,15,15,1,1
800120,2017,9,12,br3,na,br3,2,5,0,5,7,0,12,6/seeds are brown & green small and concave,mc,,12,12,1,1
800121,2017,9,12,br6,br20,br20,2,11,0,11,1,0,12,,mc,,12,12,1,1
800122,2017,9,12,br6,br20,br20,1,7,0,7,7,0,14,,mc,,14,14,1,1
800123,2017,9,12,br7,na,br7,2,13,0,13,1,0,14,,mc,,14,14,1,1
800124,2017,9,12,br7,na,br7,1,13,0,13,0,0,13,,mc,,13,13,1,1
800125,2017,9,12,br7,na,br7,1,10,3,13,1,0,14,,mc,,14,14,1,1
800126,2017,9,12,br7,na,br7,1,10,2,12,2,0,14,,mc,,14,14,1,1
800127,2017,9,12,br7,na,br7,1,13,0,13,0,0,13,,mc,,13,13,1,1
800128,2017,9,12,br7,na,br7,1,8,4,12,1,0,13,,mc,,13,13,1,1
800129,2017,9,12,br7,na,br7,1,11,2,13,1,0,14,,mc,,14,14,1,1
800130,2017,9,12,br7,na,br7,1,13,1,14,0,0,14,,mc,,14,14,1,1
800131,2017,9,12,br11,na,br11,1,9,0,9,2,0,11,,mc,,11,11,1,1
800132,2017,9,12,br11,na,br11,1,13,0,13,1,0,14,,mc,,14,14,1,1
800133,2017,9,12,br9,na,br9,2,12,0,12,1,0,13,,mc,,13,13,1,1
800134,2017,9,12,br9,na,br9,2,8,0,8,0,0,8,,mc,,8,8,1,1
800135,2017,9,12,wo27,na,wo27,1,3,1,4,6,0,10,,mc,,10,10,1,1
800136,2017,9,12,wo30,na,wo30,1,13,0,13,1,0,14,,mc,,14,14,1,1
800137,2017,9,12,wo25,na,wo25,1,8,2,10,2,0,12,,mc,,12,12,1,1
800138,2017,9,12,wo25,na,wo25,1,10,0,10,1,0,11,,mc,,11,11,1,1
800139,2017,9,12,wo25,na,wo25,2,10,0,10,1,0,11,,mc,,11,11,1,1
800140,2017,9,12,ne18,na,ne18,2,10,0,10,0,0,10,,mc,,10,10,1,1
800141,2017,9,12,ne3,na,ne3,2,9,0,9,1,0,10,,mc,,10,10,1,1
800142,2017,9,12,ne2,na,ne2,2,11,0,11,2,0,13,,mc,,13,13,1,1
800143,2017,9,12,ne15,ne24,ne24,2,8,0,8,3,0,11,,mc,,11,11,1,1
800144,2017,9,12,ne14,na,ne14,2,12,0,12,1,0,13,,mc,,13,13,1,1
800145,2017,9,12,ne23,na,ne23,2,12,0,12,1,0,13,,mc,,13,13,1,1
800146,2017,9,12,ne10,na,ne10,2,0,0,0,0,8,8,,mc,,8,8,1,1
800147,2017,9,12,ne10,na,ne10,2,13,0,13,0,0,13,,mc,,13,13,1,1
800148,2017,9,12,ne10,na,ne10,2,11,0,11,0,1,12,,mc,,12,12,1,1
800149,2017,9,12,ne10,na,ne10,2,12,0,12,1,0,13,,mc,,13,13,1,1
800150,2017,9,12,ne1,na,ne1,2,11,0,11,0,0,11,,mc,,11,11,1,1
800151,2017,9,12,ne5,na,ne5,2,9,0,9,2,0,11,,mc,,11,11,1,1
800152,2017,9,12,ne5,na,ne5,2,9,0,9,3,0,12,,mc,,12,12,1,1
800153,2017,9,12,ne5,na,ne5,2,10,0,10,1,1,12,,mc,,12,12,1,1
800154,2017,9,12,ne6,na,ne6,2,13,0,13,1,0,14,,mc,,14,14,1,1
800155,2017,9,12,ne6,na,ne6,2,13,0,13,0,0,13,,mc,,13,13,1,1
800156,2017,9,12,ne6,na,ne6,2,13,0,13,0,0,13,,mc,,13,13,1,1
800157,2017,9,13,ho20,na,ho20,1,12,1,13,0,0,13,shriveled seeds were smaller and brown rather than black,mc,,13,13,1,1
800158,2017,9,13,ho19,na,ho19,1,13,0,13,3,0,16,,mc,,16,16,1,1
800159,2017,9,13,ho19,na,ho19,1,9,1,10,4,0,14,smaller seeds overall,mc,,14,14,1,1
800160,2017,9,13,ho21,na,ho21,2,11,0,11,1,0,12,"shriveled were small, brown and concave",mc,,12,12,1,1
800161,2017,9,13,ho21,na,ho21,2,11,0,11,0,0,11,"shriveled were small, brown and concave",mc,,11,11,1,1
800163,2017,9,13,ho2,na,ho2,1,6,0,6,0,7,13,"aborted ovules were 20% the size of filled and were brown, not black",mc,,13,13,1,1
800164,2017,9,13,ho12,ho18,ho18,1,11,0,11,4,0,15,dropped ho16 rd2 fruit from this sample period; no flowers recorded on that day,mc,,15,15,1,1
800165,2017,9,13,ho5,na,ho5,1,8,0,8,1,3,12,aborted ovules were 30% the size of filled and were brown,mc,,12,12,1,1
800166,2017,9,13,ho5,na,ho5,1,6,2,8,6,0,14,shriveled seeds were smaller and brown rather than black,mc,,14,14,1,1
800167,2017,9,13,ho5,na,ho5,1,9,1,10,4,0,14,"shriveled seeds were small, brown and concave",mc,,14,14,1,1
800168,2017,9,13,ho5,na,ho5,1,11,1,12,0,1,13,shriveled seed was smaller and flatter than filled,mc,,13,13,1,1
800169,2017,9,21,st2,na,st2,3,6,0,6,6,0,12,"seeds small, brown and green and more concave",mc,,12,12,1,1
800170,2017,9,21,si1,si18,si18,3,10,1,11,0,0,11,shriveled seeds are smaller and brown,mc,,11,11,1,1
800171,2017,9,21,si1,si18,si18,3,5,0,5,0,4,9,seed pod damaged,mc,,9,9,1,1
800172,2017,9,21,ho15,na,ho15,3,6,0,6,3,0,9,,mc,,9,9,1,1
800173,2017,9,21,ho15,na,ho15,3,4,3,7,3,0,10,shriveled seeds were more concave,mc,,10,10,1,1
800174,2017,9,21,ho15,na,ho15,3,10,0,10,1,0,11,,mc,,11,11,1,1
800175,2017,9,21,ho14,na,ho14,3,7,0,7,6,0,13,,mc,,13,13,1,1
800176,2017,9,21,ho14,na,ho14,3,11,0,11,2,0,13,,mc,,13,13,1,1
800177,2017,9,21,ho13,ho28,ho28,3,13,0,13,0,0,13,,mc,,13,13,1,1
800178,2017,9,21,ho11,na,ho11,3,10,0,10,1,0,11,,mc,,11,11,1,1
800179,2017,9,21,ho9,na,ho9,3,11,2,13,0,0,13,"shriveled = smaller, more concave",mc,,13,13,1,1
800180,2017,9,21,ho9,na,ho9,3,8,3,11,0,0,11,"seeds were small, redder in color and concave",mc,,11,11,1,1
800181,2017,9,21,ho9,na,ho9,3,12,0,12,0,0,12,,mc,,12,12,1,1
800182,2017,9,21,ho10,ho29,ho29,2,10,1,11,1,0,12,"smaller, same color = shriveled seeds",mc,,12,12,1,1
800183,2017,9,21,ho7,ho23,ho23,3,8,2,10,3,0,13,shriveled seeds = smaller concave; originally logged as ho10; verified to be ho7 changed 11-13,mc,,13,13,1,1
800184,2017,9,21,ho7,ho23,ho23,3,9,1,10,3,0,13,shriveled seeds were thinner,mc,,13,13,1,1
800185,2017,9,21,ho7,ho23,ho23,3,10,1,11,1,0,12,,mc,,12,12,1,1
800186,2017,9,21,ho1,na,ho1,2,12,0,12,1,0,13,,mc,,13,13,1,1
800187,2017,9,21,ho1,na,ho1,3,12,0,12,1,1,14,,mc,,14,14,1,1
800188,2017,9,21,ho1,na,ho1,3,15,0,15,0,0,15,,mc,,15,15,1,1
800189,2017,9,21,ho1,na,ho1,3,11,0,11,1,0,12,,mc,,12,12,1,1
800190,2017,9,21,ho5,na,ho5,3,12,0,12,0,0,12,,mc,,12,12,1,1
800191,2017,9,21,gr14,na,gr14,3,11,0,11,0,0,11,,mc,,11,11,1,1
800192,2017,9,21,gr14,na,gr14,3,9,0,9,2,0,11,,mc,,11,11,1,1
800193,2017,9,21,gr4,na,gr4,3,9,0,9,1,0,10,,mc,,10,10,1,1
800194,2017,9,21,ho6,na,ho6,3,12,0,12,0,0,12,,mc,,12,12,1,1
800195,2017,9,21,ho6,na,ho6,3,10,0,10,2,0,12,total listed as 13; changed to 12,mc,,12,12,1,1
800196,2017,9,21,ho6,na,ho6,3,9,0,9,2,0,11,,mc,,11,11,1,1
800197,2017,9,21,gr13,na,gr13,3,10,2,12,0,0,12,"shriveled seeds were smaller, thinner",mc,,12,12,1,1
800198,2017,9,21,gr15,gr29,gr29,3,8,0,8,3,0,11,,mc,,11,11,1,1
800199,2017,9,21,gr15,gr29,gr29,3,5,0,5,7,0,12,,mc,,12,12,1,1
800200,2017,9,21,gr15,gr29,gr29,3,11,1,12,1,0,13,"shriveled seeds were smaller, lighter in color",mc,,13,13,1,1
800201,2017,9,21,gr15,gr29,gr29,3,9,1,10,3,0,13,"shriveled seeds were smaller, lighter in color",mc,,13,13,1,1
800202,2017,9,21,gr6,gr16,gr16,3,11,1,12,0,0,12,the shriveled seed was more curled up,mc,,12,12,1,1
800203,2017,9,21,gr3,gr24,gr24,3,12,1,13,1,0,14,"shriveled seeds were smaller, lighter in color",mc,,14,14,1,1
800204,2017,9,21,gr3,gr24,gr24,3,10,2,12,1,0,13,"shriveled seeds were smaller, more concave",mc,,13,13,1,1
800205,2017,9,21,wo14,na,wo14,3,12,0,12,0,0,12,,mc,,12,12,1,1
800206,2017,9,21,wo14,na,wo14,3,10,2,12,0,0,12,"shriveled seeds were small, thin, brown",mc,,12,12,1,1
800207,2017,9,21,wo14,na,wo14,3,3,2,5,0,7,12,"shriveled seeds were small, brown and thinner and aborted seeds were ""burnt""-looking",mc,,12,12,1,1
800208,2017,9,21,wo14,na,wo14,3,11,2,13,0,0,13,"shriveled seeds were smaller, brown in color, not black",mc,,13,13,1,1
800209,2017,9,21,wo14,na,wo14,3,11,0,11,1,0,12,,mc,,12,12,1,1
800210,2017,9,21,wo14,na,wo14,3,10,2,12,0,0,12,"shriveled seeds were thinner, flatter, and brown, not black in color",mc,,12,12,1,1
800211,2017,9,21,wo15,wo16,wo16,3,6,0,6,5,0,11,,mc,,11,11,1,1
800212,2017,9,21,wo15,wo16,wo16,3,5,4,9,1,0,10,the shriveled seeds were smaller due to pod dismorphia,mc,,10,10,1,1
800213,2017,9,21,wo15,wo16,wo16,3,9,1,10,1,0,11,"the shriveled seeds were medium-sized and brown, not black",mc,,11,11,1,1
800214,2017,9,21,wo15,wo16,wo16,3,9,0,9,2,0,11,,mc,,11,11,1,1
800215,2017,9,21,wo15,wo16,wo16,3,8,1,9,1,0,10,"brown, not black = shriveled",mc,,10,10,1,1
800216,2017,9,21,wo10,na,wo10,2,9,0,9,7,0,16,,mc,,16,16,1,1
800217,2017,9,21,wo9,na,wo9,3,6,0,6,0,4,10,hole in seed pod,mc,,10,10,1,1
800218,2017,9,21,wo8,na,wo8,3,8,1,9,0,1,10,"brown, not black, smaller = shriveled",mc,,10,10,1,1
800219,2017,9,21,wo11,wo22,wo22,3,11,2,13,0,0,13,"shriveled seeds were smaller, lighter in color",mc,,13,13,1,1
800220,2017,9,21,wo11,wo22,wo22,3,11,0,11,2,0,13,"shriveled seeds were smaller, lighter in color",mc,,13,13,1,1
800221,2017,9,21,wo11,wo22,wo22,3,6,1,7,5,0,12,,mc,,12,12,1,1
800222,2017,9,21,wo11,wo22,wo22,3,8,2,10,2,0,12,"shriveled seeds were smaller, lighter in color",mc,,12,12,1,1
800223,2017,9,21,wo11,wo22,wo22,3,5,1,6,2,2,10,"small, thin, lighter brown, not black = shriveled seeds",mc,,10,10,1,1
800224,2017,9,21,wo12,na,wo12,2,5,2,7,5,0,12,smaller size,mc,mc,12,12,1,1
800225,2017,9,21,wo12,na,wo12,2,6,1,7,3,0,10,"smaller, brown not black",mc,mc,10,10,1,1
800226,2017,9,21,wo12,na,wo12,3,11,0,11,1,0,12,,mc,mc,12,12,1,1
800227,2017,9,21,wo12,na,wo12,3,8,1,9,3,0,12,"small, brown",mc,mc,12,12,1,1
800228,2017,9,21,wo12,na,wo12,2,4,0,4,9,0,13,initially entered as rd 3;changed to rd2 11-13,mc,mc,13,13,1,1
800229,2017,9,21,wo6,na,wo6,3,9,0,9,0,0,9,,mc,mc,9,9,1,1
800230,2017,9,21,wo6,na,wo6,3,9,0,9,0,0,9,,mc,mc,9,9,1,1
800231,2017,9,21,wo6,na,wo6,3,10,0,10,1,0,11,,mc,mc,11,11,1,1
800232,2017,9,21,wo6,na,wo6,3,9,1,10,0,0,10,"small, thinner, brown not black",mc,mc,10,10,1,1
800233,2017,9,21,wo7,na,wo7,3,0,12,12,0,0,12,"all seeds tiny, brown, but filling",mc,mc,12,12,1,1
800234,2017,9,21,wo1,na,wo1,3,12,1,13,0,0,13,"small, thin brown not black",mc,mc,13,13,1,1
800235,2017,9,21,wo1,na,wo1,3,10,1,11,0,0,11,"small, thin brown not black",mc,mc,11,11,1,1
800236,2017,9,21,wo2,na,wo2,3,7,0,7,0,0,7,,mc,mc,7,7,1,1
800237,2017,9,21,wo4,wo29,wo29,3,8,0,8,2,0,10,,mc,mc,10,10,1,1
800238,2017,9,21,wo4,wo29,wo29,3,10,2,12,1,0,13,"thinner, more brown/tan",mc,mc,13,13,1,1
800239,2017,9,21,wo4,wo29,wo29,3,9,0,9,2,0,11,,mc,mc,11,11,1,1
800240,2017,9,21,wo3,na,wo3,3,12,0,12,0,0,12,,mc,mc,12,12,1,1
800241,2017,9,21,wo3,na,wo3,3,8,2,10,1,1,12,"small, brown; aborted seed resulted from damaged seed pod",mc,mc,12,12,1,1
800242,2017,9,21,wo3,na,wo3,3,11,0,11,0,0,11,,mc,mc,11,11,1,1
800243,2017,9,21,wo3,na,wo3,3,11,0,11,0,0,11,,mc,mc,11,11,1,1
800244,2017,9,21,wo3,na,wo3,3,11,0,11,0,0,11,,mc,mc,11,11,1,1
800245,2017,9,21,wo3,na,wo3,3,10,1,11,0,0,11,"small, brown not black",mc,mc,11,11,1,1
800246,2017,9,21,wo5,na,wo5,3,12,0,12,0,0,12,,mc,mc,12,12,1,1
800247,2017,9,21,wo5,na,wo5,3,12,0,12,0,0,12,,mc,mc,12,12,1,1
800248,2017,9,21,wo5,na,wo5,3,9,0,9,4,0,13,,mc,mc,13,13,1,1
800249,2017,9,21,wo5,na,wo5,3,2,7,9,2,2,13,"aborted seed is tiny, burnt looking; the shriveled seed is tear-drop shaped",mc,mc,13,13,1,1
800250,2017,9,21,si6,na,si6,3,12,0,12,0,0,12,,mc,mc,12,12,1,1
800251,2017,9,21,si6,na,si6,3,11,0,11,1,0,12,,mc,mc,12,12,1,1
800252,2017,9,21,si6,na,si6,2,4,0,4,10,0,14,initially entered as rd 3;changed to rd2 11-13,mc,mc,14,14,1,1
800253,2017,9,21,si6,na,si6,4,12,0,12,0,0,12,,mc,mc,12,12,1,1
800254,2017,9,21,si5,na,si5,3,11,1,12,0,0,12,"smaller, filling",mc,mc,12,12,1,1
800255,2017,9,21,si5,na,si5,3,11,1,12,0,0,12,"smaller, lighter in color",mc,mc,12,12,1,1
800256,2017,9,21,si4,na,si4,3,8,0,8,2,0,10,,mc,mc,10,10,1,1
800257,2017,9,21,st11,na,st11,3,0,2,2,9,0,11,tiny brown seeds,mc,mc,11,11,1,1
800258,2017,9,21,st11,na,st11,3,4,0,4,5,1,10,seeds just beginning to form,mc,mc,10,10,1,1
800259,2017,9,21,si3,na,si3,3,11,1,12,0,0,12,"thinner, lighter brown",mc,mc,12,12,1,1
800260,2017,9,21,si3,na,si3,3,10,0,10,1,0,11,,mc,mc,11,11,1,1
800261,2017,9,21,si3,na,si3,3,10,0,10,0,0,10,,mc,mc,10,10,1,1
800262,2017,9,21,si2,si21,si21,3,7,3,10,1,0,11,"smaller, not filling",mc,mc,11,11,1,1
800263,2017,9,21,si2,si21,si21,3,5,0,5,1,1,7,"tiny, just beginning to form",mc,mc,7,7,1,1
800264,2017,9,21,si10,na,si10,3,9,0,9,1,0,10,,mc,mc,10,10,1,1
800265,2017,9,21,si13,si23,si23,2,9,0,9,2,0,11,,mc,mc,11,11,1,1
800266,2017,9,21,si13,si23,si23,2,14,0,14,2,0,16,,mc,mc,16,16,1,1
800267,2017,9,21,si13,si23,si23,2,11,1,12,0,1,13,"flatter, thinner; aborted seed is shriveled and ""burnt""",mc,mc,13,13,1,1
800268,2017,9,21,si13,si23,si23,2,13,0,13,1,0,14,,mc,mc,14,14,1,1
800269,2017,9,21,si13,si23,si23,2,14,0,14,0,0,14,,mc,mc,14,14,1,1
800270,2017,9,21,si13,si23,si23,2,10,0,10,4,0,14,,mc,mc,14,14,1,1
800271,2017,9,21,si13,si23,si23,2,14,0,14,1,0,15,,mc,mc,15,15,1,1
800272,2017,9,21,si13,si23,si23,2,4,0,4,10,0,14,,mc,mc,14,14,1,1
800273,2017,9,21,si13,si23,si23,3,11,0,11,2,0,13,,mc,mc,13,13,1,1
800274,2017,9,21,si13,si23,si23,3,13,0,13,0,0,13,,mc,mc,13,13,1,1
800275,2017,9,21,st7,na,st7,3,10,1,11,0,0,11,"thin, pale brown",mc,mc,11,11,1,1
800276,2017,9,21,st7,na,st7,3,9,1,10,2,0,12,"thin, pale brown",mc,mc,12,12,1,1
800277,2017,9,21,st7,na,st7,3,9,1,10,0,0,10,"thin, pale brown",mc,mc,10,10,1,1
800278,2017,9,21,si14,na,si14,2,9,2,11,3,0,14,"smaller, lighter",mc,mc,14,14,1,1
800279,2017,9,21,si15,na,si15,2,1,3,4,6,0,10,"shriveled, brown not black",mc,mc,10,10,1,1
800280,2017,9,21,si8,na,si8,3,7,0,7,0,1,8,damaged pod,mc,mc,8,8,1,1
800281,2017,9,21,si9,na,si9,3,9,0,9,1,0,10,,mc,mc,10,10,1,1
800282,2017,9,21,si9,na,si9,2,11,0,11,2,0,13,,mc,mc,13,13,1,1
800283,2017,9,21,si7,si20,si20,3,11,0,11,1,0,12,,mc,mc,12,12,1,1
800284,2017,9,21,si7,si20,si20,3,11,0,11,0,0,11,,mc,mc,11,11,1,1
800285,2017,9,21,ho12,ho18,ho18,3,9,0,9,2,0,11,,mc,mc,11,11,1,1
800286,2017,9,21,st10,st25,st25,3,6,0,6,4,0,10,,mc,mc,10,10,1,1
800287,2017,9,21,st12,st16,st16,3,9,1,10,1,0,11,"smaller, same color",mc,mc,11,11,1,1
800288,2017,9,21,st12,st16,st16,3,9,1,10,1,0,11,"smaller, same color",mc,mc,11,11,1,1
800289,2017,9,21,st12,st16,st16,3,1,0,1,7,0,8,,mc,mc,8,8,1,1
800290,2017,9,21,st12,st16,st16,3,6,0,6,5,0,11,,mc,mc,11,11,1,1
800291,2017,9,21,st9,na,st9,3,10,0,10,1,0,11,,mc,mc,11,11,1,1
800292,2017,9,21,st9,na,st9,3,6,0,6,6,0,12,,mc,mc,12,12,1,1
800293,2017,9,21,st14,st23,st23,3,8,0,8,0,0,8,,mc,mc,8,8,1,1
800294,2017,9,21,st14,st23,st23,3,10,0,10,0,0,10,,mc,mc,10,10,1,1
800295,2017,9,21,st14,st23,st23,3,9,2,11,0,0,11,"flatter, lighter color",mc,mc,11,11,1,1
800296,2017,9,21,st14,st23,st23,3,12,0,12,0,0,12,,mc,mc,12,12,1,1
800297,2017,9,21,st14,st23,st23,3,11,0,11,0,0,11,,mc,mc,11,11,1,1
800298,2017,9,21,st14,st23,st23,3,11,0,11,1,0,12,,mc,mc,12,12,1,1
800299,2017,9,21,st8,st18,st18,3,4,2,6,3,0,9,"lighter, shrunken seed",mc,mc,9,9,1,1
800300,2017,9,21,st8,st18,st18,3,10,0,10,1,0,11,,mc,mc,11,11,1,1
800301,2017,9,21,st8,st18,st18,3,"seed pod broke upon trying to split it to count; not able to be processed, too small",,,,,,,mc,mc,#VALUE!,0,#VALUE!,#VALUE!
800302,2017,9,21,st8,st18,st18,3,9,1,10,0,1,11,aborted seed was caused by damage to the seed pod,mc,mc,11,11,1,1
800303,2017,9,21,st8,st18,st18,3,8,2,10,0,0,10,shriveled seed was green no tan; total listed as 11 changed to 10,mc,mc,10,10,1,1
800304,2017,9,21,st8,st18,st18,3,8,0,8,2,0,10,,mc,mc,10,10,1,1
800305,2017,9,21,st8,st18,st18,3,9,0,9,0,0,9,,mc,mc,9,9,1,1
800306,2017,9,21,st8,st18,st18,3,10,2,12,0,0,12,"smaller, thinner",mc,mc,12,12,1,1
800307,2017,9,21,st8,st18,st18,3,11,0,11,0,0,11,,mc,mc,11,11,1,1
800308,2017,9,21,st13,na,st13,3,11,0,11,1,0,12,,mc,mc,12,12,1,1
800309,2017,9,21,st13,na,st13,3,12,0,12,0,1,13,aborted seed was burnt-looking,mc,mc,13,13,1,1
800310,2017,9,13,ru22,na,ru22,2,13,1,14,0,0,14,"pulled plant at field house;smaller, brown not black; total listed as 11, changed to 14",mc,mc,14,14,1,1
800311,2017,9,13,ru22,na,ru22,2,10,3,13,1,0,14,"pulled plant at field house;smaller, brown not black",mc,mc,14,14,1,1
800312,2017,9,13,ru22,na,ru22,2,14,0,14,0,0,14,pulled plant at field house;,mc,mc,14,14,1,1
800313,2017,9,13,wo17,na,wo17,1,8,0,8,2,1,11,"accidental OP plant; og marked as wo14 but likely wo17 pulled plant at field house;much smaller, brown, burnt-looking",mc,mc,11,11,1,1
800314,2017,9,13,ho12,ho18,ho18,1,10,0,10,0,0,10,pulled plant at field house;,mc,mc,10,10,1,1
800315,2017,9,13,si7,na,si7,1,13,1,14,0,0,14,"pulled plant at field house;smaller, lighter",mc,mc,14,14,1,1
800316,2017,9,13,si7,na,si7,1,12,0,12,1,0,13,pulled plant at field house;,mc,mc,13,13,1,1
800317,2017,9,13,ho10,ho29,ho29,1,11,0,11,2,0,13,2,ar,ar,13,13,1,1
800318,2017,9,13,ho10,ho29,ho29,1,6,0,6,6,0,12,4,ar,ar,12,12,1,1
800319,2017,9,13,ho10,ho29,ho29,1,6,3,9,4,0,13,3,ar,ar,13,13,1,1
800320,2017,9,13,ho10,ho29,ho29,1,9,0,9,4,0,13,5,ar,ar,13,13,1,1
800321,2017,9,13,ho10,ho29,ho29,1,12,0,12,0,1,13,1//abrtd due to damage to fruit,ar,ar,13,13,1,1
800322,2017,9,13,ho25,na,ho25,1,9,0,9,4,1,14,3,ar,ar,14,14,1,1
800323,2017,9,13,ho25,na,ho25,1,7,1,8,1,3,12,2/shriv seed very small wrinkled and dark; hardened,ar,ar,12,12,1,1
800324,2017,9,13,ho25,na,ho25,1,8,2,10,1,2,13,1//shriv seed less fill; dark,ar,ar,13,13,1,1
800325,2017,9,13,ho17,na,ho17,1,10,0,10,1,0,11,1,ar,ar,11,11,1,1
800326,2017,9,13,ho17,na,ho17,1,8,0,8,3,0,11,2,ar,ar,11,11,1,1
800327,2017,9,13,ho14,na,ho14,1,10,1,11,1,1,13,1//shriv less fill,ar,ar,13,13,1,1
800328,2017,9,13,ho14,na,ho14,1,14,0,14,0,0,14,2,ar,ar,14,14,1,1
800329,2017,9,13,ho11,na,ho11,1,6,0,6,0,5,11,5,ar,ar,11,11,1,1
800330,2017,9,13,ho11,na,ho11,1,11,0,11,0,0,11,4,ar,ar,11,11,1,1
800331,2017,9,13,ho11,na,ho11,1,11,0,11,0,0,11,6,ar,ar,11,11,1,1
800332,2017,9,13,ho11,na,ho11,1,10,0,10,1,0,11,2,ar,ar,11,11,1,1
800333,2017,9,13,ho11,na,ho11,1,5,0,5,8,0,13,1,ar,ar,13,13,1,1
800334,2017,9,13,ho11,na,ho11,1,11,1,12,0,0,12,3//shriv seed small less fill,ar,ar,12,12,1,1
800335,2017,9,13,ru2,na,ru2,2,15,0,15,0,0,15,1,ar,ar,15,15,1,1
800336,2017,9,13,ru2,na,ru2,2,14,1,15,0,0,15,2//shriv less fill,ar,ar,15,15,1,1
800337,2017,9,13,ru2,na,ru2,2,15,0,15,0,0,15,3,ar,ar,15,15,1,1
800338,2017,9,13,ru15,na,ru15,2,13,0,13,0,0,13,1,ar,ar,13,13,1,1
800339,2017,9,13,ru15,na,ru15,2,5,0,5,8,0,13,2,ar,ar,13,13,1,1
800341,2017,9,13,ru7,na,ru7,2,10,0,10,2,0,12,1,ar,ar,12,12,1,1
800342,2017,9,13,ru7,na,ru7,2,10,0,10,0,0,10,2,ar,ar,10,10,1,1
800343,2017,9,12,ru10,na,ru10,2,13,0,13,1,0,14,1,ar,ar,14,14,1,1
800344,2017,9,12,ru10,na,ru10,2,12,1,13,0,0,13,3//shriv seed small less fill,ar,ar,13,13,1,1
800345,2017,9,12,ru10,na,ru10,2,13,2,15,0,0,15,2//shriv seed lighter less fill;1 very small w small shriv pocket,ar,ar,15,15,1,1
800346,2017,9,12,ru10,na,ru10,2,14,0,14,0,0,14,4,ar,ar,14,14,1,1
800347,2017,9,12,ru8,na,ru8,2,8,0,8,0,2,10,1//abr ovules large yellow,ar,ar,10,10,1,1
800348,2017,9,12,ru8,na,ru8,2,11,0,11,0,0,11,2,ar,ar,11,11,1,1
800349,2017,9,12,ru12,na,ru12,2,10,0,10,1,0,11,1,ar,ar,11,11,1,1
800350,2017,9,12,ru12,na,ru12,2,11,0,11,0,0,11,4,ar,ar,11,11,1,1
800351,2017,9,12,ru12,na,ru12,2,12,0,12,0,0,12,3,ar,ar,12,12,1,1
800352,2017,9,12,ru12,na,ru12,2,10,0,10,1,0,11,2,ar,ar,11,11,1,1
800353,2017,9,12,ru13,na,ru13,2,12,1,13,0,0,13,3,ar,ar,13,13,1,1
800354,2017,9,12,ru13,na,ru13,2,13,0,13,0,0,13,1,ar,ar,13,13,1,1
800355,2017,9,12,ru13,na,ru13,2,12,0,12,1,0,13,4,ar,ar,13,13,1,1
800356,2017,9,12,ru13,na,ru13,2,13,2,15,0,0,15,2//1 shriv brown; 1 green; all other seeds dark and filled,ar,ar,15,15,1,1
800357,2017,9,12,ru13,na,ru13,2,12,2,14,0,0,14,5//shriv brownish and less fill,ar,ar,14,14,1,1
800358,2017,9,12,ru13,na,ru13,2,12,0,12,1,0,13,6,ar,ar,13,13,1,1
800359,2017,9,12,ru5,na,ru5,2,9,2,11,3,0,14,2//shriv seed yellow not hardened,ar,ar,14,14,1,1
800360,2017,9,12,ru5,na,ru5,2,11,1,12,0,2,14,1//shriv seed yelllow low fill,ar,ar,14,14,1,1
800361,2017,9,12,ru5,na,ru5,2,13,1,14,1,0,15,3//shriv seed small yellow low fill,ar,ar,15,15,1,1
800362,2017,9,12,ru5,na,ru5,2,13,1,14,0,0,14,4// shriv seed yellow,ar,ar,14,14,1,1
800363,2017,9,12,ru5,na,ru5,2,10,0,10,4,0,14,6,ar,ar,14,14,1,1
800364,2017,9,12,ru5,na,ru5,2,10,3,13,1,0,14,7//shriv seed yellow; filling,ar,ar,14,14,1,1
800365,2017,9,12,ru5,na,ru5,2,8,4,12,0,1,13,5//shriv seed yellow; filling,ar,ar,13,13,1,1
800366,2017,9,12,ru14,ru27,ru27,2,5,0,5,6,0,11,2; ru27,ar,ar,11,11,1,1
800367,2017,9,12,ru14,ru27,ru27,2,10,0,10,2,0,12,1;ru27,ar,ar,12,12,1,1
800368,2017,9,12,ru9,na,ru9,2,12,0,12,1,0,13,1,ar,ar,13,13,1,1
800369,2017,9,12,ru9,na,ru9,2,13,0,13,0,0,13,2,ar,ar,13,13,1,1
800370,2017,9,13,si1,si18,si18,2,13,0,13,0,0,13,1,ar,kmf,13,13,1,1
800371,2017,9,13,si4,na,si4,1,10,0,10,0,0,10,1,ar,kmf,10,10,1,1
800372,2017,9,13,si2,si21,si21,2,5,0,5,7,0,12,1,ar,kmf,12,12,1,1
800373,2017,9,13,si3,na,si3,2,11,0,11,1,0,12,1,ar,kmf,12,12,1,1
800374,2017,9,13,si5,na,si5,2,10,2,12,0,0,12,1,ar,kmf,12,12,1,1
800375,2017,9,13,si5,na,si5,1,13,1,14,0,0,14,3//shriv low fill,ar,kmf,14,14,1,1
800376,2017,9,13,si5,na,si5,1,7,3,10,2,0,12,2//1 shriv yellow low fill; 2 brown hard wrinkled smaller;math error on data sheet; changed from 11 total seeds to 10 ,ar,kmf,12,12,1,1
800377,2017,9,13,si5,na,si5,1,12,0,12,0,1,13,5,ar,kmf,13,13,1,1
800378,2017,9,13,si5,na,si5,1,10,2,12,2,0,14,4//shriv seeds yellow,ar,kmf,14,14,1,1
800379,2017,9,13,si6,na,si6,1,10,0,10,3,0,13,1,ar,kmf,13,13,1,1
800380,2017,9,13,si6,na,si6,1,11,0,11,2,0,13,2,ar,kmf,13,13,1,1
800381,2017,9,13,si6,na,si6,1,12,0,12,2,0,14,4,ar,kmf,14,14,1,1
800382,2017,9,13,si6,na,si6,1,12,0,12,2,0,14,3,ar,kmf,14,14,1,1
800383,2017,9,13,si6,na,si6,2,14,1,15,0,0,15,7,ar,kmf,15,15,1,1
800384,2017,9,13,si6,na,si6,2,10,1,11,2,0,13,5//small yellow shriv,ar,kmf,13,13,1,1
800385,2017,9,13,si6,na,si6,2,11,1,12,3,0,15,6//small yellow shriv,ar,kmf,15,15,1,1
800386,2017,9,13,si10,na,si10,1,11,0,11,1,0,12,1,ar,kmf,12,12,1,1
800387,2017,9,13,si7,si20,si20,2,9,0,9,4,0,13,1,ar,kmf,13,13,1,1
800388,2017,9,13,si9,na,si9,1,10,0,10,1,0,11,5,ar,kmf,11,11,1,1
800389,2017,9,13,si9,na,si9,1,12,0,12,0,0,12,6,ar,kmf,12,12,1,1
800390,2017,9,13,si9,na,si9,1,11,0,11,0,0,11,4,ar,kmf,11,11,1,1
800391,2017,9,13,si9,na,si9,1,11,0,11,0,0,11,2,ar,kmf,11,11,1,1
800392,2017,9,13,si9,na,si9,1,10,0,10,0,0,10,3,ar,kmf,10,10,1,1
800393,2017,9,13,si9,na,si9,2,8,0,8,3,0,11,1,ar,kmf,11,11,1,1
800394,2017,9,19,ru4,na,ru4,3,10,0,10,0,1,11,1//seed damaged,mc,ar,11,11,1,1
800395,2017,9,19,ru4,na,ru4,3,10,0,10,0,0,10,2,mc,ar,10,10,1,1
800396,2017,9,19,ru5,na,ru5,3,3,0,3,8,0,11,1,mc,ar,11,11,1,1
800397,2017,9,19,ru5,na,ru5,3,11,0,11,0,0,11,2,mc,ar,11,11,1,1
800398,2017,9,19,ru12,na,ru12,3,8,0,8,0,2,10,1//shriveled and dark; burnt in color,mc,ar,10,10,1,1
800399,2017,9,19,ru12,na,ru12,3,5,0,5,1,2,8,2//shriveled,mc,ar,8,8,1,1
800400,2017,9,19,ru9,na,ru9,3,10,0,10,2,0,12,1,mc,ar,12,12,1,1
800401,2017,9,19,ru9,na,ru9,3,10,0,10,0,0,10,2,mc,ar,10,10,1,1
800402,2017,9,19,ru10,na,ru10,3,9,0,9,1,0,10,1,mc,ar,10,10,1,1
800403,2017,9,19,ru3,na,ru3,3,12,0,12,0,0,12,1,mc,ar,12,12,1,1
800404,2017,9,19,ru3,na,ru3,3,11,0,11,0,0,11,2,mc,ar,11,11,1,1
800405,2017,9,19,ru3,na,ru3,3,10,0,10,1,0,11,3,mc,ar,11,11,1,1
800406,2017,9,19,ru6,na,ru6,3,4,1,5,1,0,6,1//seeds brown not black,mc,ar,6,6,1,1
800407,2017,9,19,ru2,na,ru2,3,10,0,10,1,0,11,1,mc,ar,11,11,1,1
800408,2017,9,19,ru2,na,ru2,3,11,0,11,0,0,11,2,mc,ar,11,11,1,1
800409,2017,9,19,ru14,ru27,ru27,3,9,0,9,0,0,9,1,mc,ar,9,9,1,1
800410,2017,9,19,ru13,na,ru13,3,11,0,11,0,0,11,1,mc,ar,11,11,1,1
800411,2017,9,19,ru13,na,ru13,3,10,1,11,1,0,12,2//light colored seeds,mc,ar,12,12,1,1
800412,2017,9,19,ru13,na,ru13,3,8,0,8,1,0,9,3,mc,ar,9,9,1,1
800413,2017,9,19,ru13,na,ru13,3,10,0,10,2,0,12,4,mc,ar,12,12,1,1
800414,2017,9,19,ne13,na,ne13,3,9,1,10,0,0,10,1//smaller in size,mc,ar,10,10,1,1
800415,2017,9,19,br8,na,br8,3,9,0,9,1,0,10,1,mc,ar,10,10,1,1
800416,2017,9,19,br8,na,br8,3,9,0,9,0,0,9,2,mc,ar,9,9,1,1
800417,2017,9,19,br8,na,br8,3,9,0,9,2,0,11,3,mc,ar,11,11,1,1
800418,2017,9,19,br8,na,br8,3,8,2,10,1,0,11,4//shriv lighter smaller,mc,ar,11,11,1,1
800419,2017,9,19,br8,na,br8,3,9,1,10,1,0,11,5///smaller same color,mc,ar,11,11,1,1
800420,2017,9,19,br4,na,br4,3,10,1,11,1,0,12,1//smaller same color,mc,ar,12,12,1,1
800421,2017,9,19,br4,na,br4,3,10,0,10,1,0,11,2,mc,ar,11,11,1,1
800422,2017,9,19,br9,na,br9,3,10,0,10,0,0,10,1,mc,ar,10,10,1,1
800423,2017,9,19,br9,na,br9,3,9,0,9,0,0,9,2,mc,ar,9,9,1,1
800424,2017,9,19,br9,na,br9,4,0,1,1,4,0,5,1//small yellow shriveled,mc,ar,5,5,1,1
800425,2017,9,19,br9,na,br9,4,0,1,1,5,0,6,2//small yelow shriveled,mc,ar,6,6,1,1
800426,2017,9,19,br2,na,br2,2,11,0,11,1,0,12,1,mc,ar,12,12,1,1
800427,2017,9,19,br15,na,br15,3,9,0,9,1,0,10,1,mc,ar,10,10,1,1
800428,2017,9,19,br7,na,br7,3,12,0,12,1,0,13,1,mc,ar,13,13,1,1
800429,2017,9,19,br11,na,br11,3,10,0,10,0,0,10,1,ar,ar,10,10,1,1
800430,2017,9,19,br11,na,br11,3,3,0,3,5,0,8,2,ar,ar,8,8,1,1
800431,2017,9,19,br11,na,br11,3,5,0,5,5,0,10,3,ar,ar,10,10,1,1
800432,2017,9,19,br11,na,br11,3,8,0,8,0,1,9,4//abrt suffered damaged from herbiv or disease,ar,ar,9,9,1,1
800433,2017,9,19,br11,na,br11,3,9,0,9,1,0,10,5,ar,ar,10,10,1,1
800434,2017,9,19,br11,na,br11,3,5,0,5,3,0,8,6,ar,ar,8,8,1,1
800435,2017,9,19,br11,na,br11,3,8,0,8,2,0,10,7,ar,ar,10,10,1,1
800436,2017,9,13,si8,na,si8,2,10,0,10,0,0,10,2,ar,kmf,10,10,1,1
800437,2017,9,13,si8,na,si8,1,9,1,10,1,0,11,1,ar,kmf,11,11,1,1
800438,2017,9,13,si14,na,si14,1,10,0,10,2,0,12,1,ar,kmf,12,12,1,1
800439,2017,9,13,si14,na,si14,1,13,0,13,0,0,13,2,ar,kmf,13,13,1,1
800440,2017,9,13,si14,na,si14,1,11,1,12,2,0,14,3,ar,kmf,14,14,1,1
800441,2017,9,13,si12,na,si12,1,12,0,12,0,0,12,2,ar,kmf,12,12,1,1
800442,2017,9,13,si12,na,si12,1,12,0,12,1,0,13,1,ar,kmf,13,13,1,1
800443,2017,9,13,si12,na,si12,1,13,0,13,0,0,13,3,ar,kmf,13,13,1,1
800444,2017,9,13,si15,na,si15,1,11,1,12,0,0,12,2//shriv seeds concave light,ar,kmf,12,12,1,1
800445,2017,9,13,si15,na,si15,1,10,3,13,0,0,13,1//shriv seeds concave light,ar,kmf,13,13,1,1
800446,2017,9,13,si15,na,si15,1,7,4,11,0,1,12,3//shriv seeds small concave dark,ar,kmf,12,12,1,1
800447,2017,9,13,ru24,na,ru24,2,11,1,12,0,0,12,1//shriv small tan,ar,kmf,12,12,1,1
800448,2017,9,13,ru24,na,ru24,2,6,2,8,5,0,13,2//shriv small,ar,ar,13,13,1,1
800449,2017,9,13,br27,na,br27,1,11,0,11,0,1,12,1,ar,ar,12,12,1,1
800450,2017,9,13,br27,na,br27,1,11,0,11,0,1,12,4,ar,ar,12,12,1,1
800451,2017,9,13,br27,na,br27,1,11,0,11,1,0,12,2,ar,ar,12,12,1,1
800452,2017,9,13,br27,na,br27,1,12,0,12,0,0,12,3,ar,ar,12,12,1,1
800453,2017,9,13,br27,na,br27,1,10,0,10,1,0,11,5//showed petiole w other fruit much less developed,ar,ar,11,11,1,1
800454,2017,9,13,br27,na,br27,2,9,0,9,3,0,12,1,ar,ar,12,12,1,1
800455,2017,9,13,ru29,na,ru29,2,4,2,6,4,0,10,3,ar,ar,10,10,1,1
800456,2017,9,13,ru29,na,ru29,2,7,2,9,3,1,13,1,ar,ar,13,13,1,1
800457,2017,9,13,ru29,na,ru29,2,6,3,9,4,0,13,2,ar,ar,13,13,1,1
800458,2017,9,13,br24,na,br24,1,6,1,7,1,2,10,3//small seeds yellow less fill,ar,ar,10,10,1,1
800459,2017,9,13,br24,na,br24,1,6,0,6,0,0,6,2//herbivory damage likely unfilled ovules,ar,ar,6,6,1,1
800460,2017,9,13,br24,na,br24,1,12,0,12,0,0,12,1,ar,ar,12,12,1,1
800461,2017,9,19,ne12,ne30,ne30,3,10,0,10,0,0,10,1,ar,ar,10,10,1,1
800462,2017,9,19,ne12,ne30,ne30,3,10,0,10,0,0,10,2,ar,ar,10,10,1,1
800463,2017,9,19,ne12,ne30,ne30,3,11,1,12,0,0,12,3,ar,ar,12,12,1,1
800464,2017,9,19,ne15,ne24,ne24,3,11,0,11,0,0,11,1,ar,ar,11,11,1,1
800465,2017,9,19,ne15,ne24,ne24,3,10,0,10,0,0,10,2,ar,ar,10,10,1,1
800466,2017,9,19,ne15,ne24,ne24,3,10,0,10,1,0,11,3,ar,ar,11,11,1,1
800467,2017,9,19,ne15,ne24,ne24,3,10,0,10,0,0,10,4,ar,ar,10,10,1,1
800468,2017,9,19,ne15,ne24,ne24,3,9,0,9,1,0,10,5,ar,ar,10,10,1,1
800469,2017,9,19,ne15,ne24,ne24,3,8,0,8,2,0,10,6,ar,ar,10,10,1,1
800470,2017,9,19,ne15,ne24,ne24,3,9,1,10,0,0,10,7//shriv smaller than others,ar,ar,10,10,1,1
800471,2017,9,19,ne15,ne24,ne24,3,10,0,10,0,0,10,8,ar,ar,10,10,1,1
800472,2017,9,19,ne15,ne24,ne24,3,10,0,10,0,0,10,9,ar,ar,10,10,1,1
800473,2017,9,19,ne15,ne24,ne24,3,8,0,8,1,1,10,10,ar,ar,10,10,1,1
800474,2017,9,19,ne3,na,ne3,3,9,1,10,0,1,11,1,ar,ar,11,11,1,1
800475,2017,9,19,ne11,na,ne11,3,10,0,10,0,1,11,1//herbivory damage likely led to abortion,ar,ar,11,11,1,1
800476,2017,9,19,ne11,na,ne11,3,9,1,10,0,0,10,2,ar,ar,10,10,1,1
800477,2017,9,19,ne11,na,ne11,3,10,0,10,1,0,11,3,ar,ar,11,11,1,1
800478,2017,9,19,ne11,na,ne11,3,10,0,10,1,0,11,4,ar,ar,11,11,1,1
800479,2017,9,19,ne11,na,ne11,3,9,0,9,0,0,9,5,ar,ar,9,9,1,1
800480,2017,9,19,ne11,na,ne11,3,6,0,6,5,0,11,6,ar,ar,11,11,1,1
800481,2017,9,19,ne11,na,ne11,3,5,0,5,4,0,9,7,ar,ar,9,9,1,1
800482,2017,9,19,ne6,na,ne6,3,11,0,11,0,0,11,2,ar,ar,11,11,1,1
800483,2017,9,19,ne6,na,ne6,3,12,0,12,0,0,12,1,ar,ar,12,12,1,1
800484,2017,9,19,ne6,na,ne6,4,9,0,9,0,0,9,3?,ar,ar,9,9,1,1
800485,2017,9,19,ne10,na,ne10,3,8,0,8,1,0,9,1,ar,ar,9,9,1,1
800486,2017,9,19,br7,na,br7,3,10,0,10,2,0,12,2,mc,ar,12,12,1,1
800487,2017,9,19,br7,na,br7,3,8,2,10,2,0,12,3//small;same color,mc,ar,12,12,1,1
800488,2017,9,19,br6,br20,br20,3,10,0,10,0,0,10,1,mc,ar,10,10,1,1
800489,2017,9,19,br3,na,br3,2,8,0,8,5,0,13,1,mc,ar,13,13,1,1
800490,2017,9,19,br3,na,br3,3,6,1,7,2,0,9,1//smaller lighter color,mc,ar,9,9,1,1
800491,2017,9,19,br3,na,br3,3,11,0,11,0,0,11,2,mc,ar,11,11,1,1
800492,2017,9,19,br5,na,br5,3,8,0,8,1,0,9,1,mc,ar,9,9,1,1
800493,2017,9,19,br5,na,br5,3,8,1,9,0,0,9,2//small light color,mc,ar,9,9,1,1
800494,2017,9,19,br5,na,br5,3,9,0,9,0,0,9,3,mc,ar,9,9,1,1
800495,2017,9,19,br13,br19,br19,3,9,0,9,0,0,9,1,mc,ar,9,9,1,1
800496,2017,9,19,br13,br19,br19,4,6,0,6,1,0,7,1//seeds broken; potential miscount??,mc,ar,7,7,1,1
800497,2017,9,19,br1,na,br1,3,11,0,11,0,0,11,1,mc,ar,11,11,1,1
800498,2017,9,19,br1,na,br1,3,5,1,6,4,0,10,2//shriveled dark small,mc,ar,10,10,1,1
800499,2017,9,19,br10,na,br10,3,3,0,3,1,1,5,1//half of seed pod small dark shriveled; outlier,mc,ar,5,5,1,1
800500,2017,9,19,br10,na,br10,3,8,0,8,1,1,10,2,mc,ar,10,10,1,1
800501,2017,9,19,br10,na,br10,3,6,0,6,2,0,8,3,mc,ar,8,8,1,1
800502,2017,9,19,br10,na,br10,3,9,1,10,2,0,12,4//small light seeds,mc,ar,12,12,1,1
800503,2017,9,19,br10,na,br10,3,6,0,6,1,2,9,5//thin dark seeds,mc,ar,9,9,1,1
800504,2017,9,19,br14,na,br14,3,9,0,9,1,1,11,1//damaged seeds,mc,ar,11,11,1,1
800505,2017,9,19,br14,na,br14,3,12,0,12,0,0,12,2,mc,ar,12,12,1,1
800506,2017,9,28,ru3,na,ru3,4,4,0,4,7,0,11,2,ar,ar,11,11,1,1
800507,2017,9,28,ru13,na,ru13,4,8,0,8,1,0,9,1,ar,ar,9,9,1,1
800508,2017,9,28,ru11,na,ru11,4,11,0,11,0,0,11,2,ar,ar,11,11,1,1
800509,2017,9,28,ru11,na,ru11,4,7,0,7,0,1,8,4,ar,ar,8,8,1,1
800510,2017,9,28,ru11,na,ru11,4,0,0,0,0,3,3,3//unable to locate additional ovules; fruit very sickly,ar,ar,3,3,1,1
800511,2017,9,28,ru6,na,ru6,4,6,0,6,3,1,10,1//abrtd ovule due to herbivory;1 virgin ovule larger than others,ar,ar,10,10,1,1
800512,2017,9,28,ru3,na,ru3,4,7,0,7,4,0,11,1,ar,ar,11,11,1,1
800513,2017,9,28,ru6,na,ru6,4,4,0,4,5,0,9,2,ar,ar,9,9,1,1
800514,2017,9,28,ru7,na,ru7,4,6,0,6,2,0,8,1,ar,ar,8,8,1,1
800515,2017,9,28,ru7,na,ru7,4,7,0,7,2,0,9,2,ar,ar,9,9,1,1
800516,2017,9,28,ru7,na,ru7,4,8,0,8,0,1,9,3//abrtd ovule due to herbiv,ar,ar,9,9,1,1
800517,2017,9,28,ru8,na,ru8,4,3,1,4,5,0,9,1//shriv curled up and dark,ar,ar,9,9,1,1
800518,2017,9,28,ru8,na,ru8,4,10,0,10,0,0,10,2,ar,ar,10,10,1,1
800519,2017,9,29,si15,na,si15,4,1,2,3,5,1,9,,ar,ar,9,9,1,1
800520,2017,9,29,si13,si23,si23,4,9,0,9,1,1,11,1,ar,ar,11,11,1,1
800521,2017,9,29,si3,na,si3,4,2,0,2,6,1,9,3,ar,ar,9,9,1,1
800522,2017,9,29,si5,na,si5,4,0,5,5,0,4,9,1,ar,ar,9,9,1,1
800523,2017,9,29,si5,na,si5,4,0,2,2,6,1,9,3,ar,ar,9,9,1,1
800524,2017,9,29,si5,na,si5,4,0,6,6,2,1,9,2,ar,ar,9,9,1,1
800525,2017,9,29,si9,na,si9,4,1,0,1,6,0,7,3,ar,ar,7,7,1,1
800526,2017,9,29,si9,na,si9,4,2,0,2,7,0,9,2,ar,ar,9,9,1,1
800527,2017,9,29,si9,na,si9,4,3,1,4,6,0,10,1,ar,ar,10,10,1,1
800528,2017,9,29,si2,si21,si21,2,4,0,4,10,0,14,1,ar,ar,14,14,1,1
800529,2017,9,29,si11,na,si11,4,2,4,6,2,1,9,1,ar,ar,9,9,1,1
800530,2017,9,29,si11,na,si11,4,0,0,0,8,3,11,2,ar,ar,11,11,1,1
800531,2017,9,29,si11,na,si11,4,5,0,5,4,0,9,3,ar,ar,9,9,1,1
800532,2017,9,29,si11,na,si11,4,8,0,8,4,0,12,4,ar,ar,12,12,1,1
800533,2017,9,22,ru30,na,ru30,2,1,2,3,8,0,11,1//brown small shriv,mc,ar,11,11,1,1
800534,2017,9,22,ru30,na,ru30,2,6,0,6,3,3,12,2,mc,ar,12,12,1,1
800535,2017,9,22,ru30,na,ru30,2,9,3,12,2,0,14,3,mc,ar,14,14,1,1
800536,2017,9,22,ru30,na,ru30,2,11,0,11,1,1,13,4,mc,ar,13,13,1,1
800537,2017,9,22,ru30,na,ru30,2,8,3,11,1,1,13,5,mc,ar,13,13,1,1
800538,2017,9,22,ho8,na,ho8,1,13,0,13,0,0,13,1,mc,ar,13,13,1,1
800539,2017,9,22,ho8,na,ho8,1,14,0,14,0,0,14,2,mc,ar,14,14,1,1
800540,2017,9,22,ho8,na,ho8,1,12,0,12,2,0,14,3,mc,ar,14,14,1,1
800541,2017,9,22,si30,na,si30,1,7,2,9,3,0,12,1,mc,ar,12,12,1,1
800542,2017,9,22,gr22,na,gr22,2,11,0,11,2,1,14,2//a second fruit was listed in previous version but only 1 flower was open during this round; after reviewing this fruit had paint on the petiole while the other had no petiole; other fruit deleted 11-13,mc,ar,14,14,1,1
800544,2017,9,29,st12,st16,st16,4,0,0,0,5,0,5,1,mc,ar,5,5,1,1
800545,2017,9,29,st12,st16,st16,4,3,0,3,5,0,8,2,mc,ar,8,8,1,1
800546,2017,9,29,st1,na,st1,4,1,0,1,7,0,8,1,mc,ar,8,8,1,1
800547,2017,9,29,st14,st23,st23,4,2,0,2,5,0,7,1,mc,ar,7,7,1,1
800548,2017,9,29,st14,st23,st23,4,6,2,8,2,1,11,2,mc,ar,11,11,1,1
800549,2017,9,22,ru26,na,ru26,2,11,0,11,0,2,13,1,mc,ar,13,13,1,1
800550,2017,9,22,ru26,na,ru26,2,7,1,8,2,3,13,2,mc,ar,13,13,1,1
800551,2017,9,22,ru26,na,ru26,2,9,0,9,0,2,11,3,mc,ar,11,11,1,1
800552,2017,9,22,ru26,na,ru26,2,9,0,9,1,2,12,4,mc,ar,12,12,1,1
800553,2017,9,22,ru26,na,ru26,2,4,1,5,6,1,12,5,mc,ar,12,12,1,1
800554,2017,9,22,ru26,na,ru26,2,9,0,9,1,3,13,6,mc,ar,13,13,1,1
800555,2017,9,29,si7,si20,si20,4,5,0,5,7,0,12,,ar,ar,12,12,1,1
800556,2017,9,29,si8,na,si8,2,8,1,9,2,0,11,shriv wrinkled but hardened,ar,ar,11,11,1,1
800557,2017,9,29,si4,na,si4,4,4,0,4,5,0,9,1,ar,ar,9,9,1,1
800558,2017,9,29,si4,na,si4,4,6,0,6,4,0,10,2,ar,ar,10,10,1,1
800559,2017,9,29,si4,na,si4,4,5,0,5,5,0,10,3,ar,ar,10,10,1,1
800560,2017,9,29,si4,na,si4,4,6,0,6,4,0,10,4,ar,ar,10,10,1,1
800561,2017,9,29,si4,na,si4,4,3,3,6,4,0,10,5,ar,ar,10,10,1,1
800562,2017,9,29,si4,na,si4,4,5,0,5,5,0,10,6,ar,ar,10,10,1,1
800563,2017,9,29,si4,na,si4,4,6,0,6,3,0,9,7,ar,ar,9,9,1,1
800564,2017,9,29,si4,na,si4,4,3,2,5,3,0,8,8,ar,ar,8,8,1,1
800565,2017,9,29,si4,na,si4,4,5,1,6,3,0,9,9,ar,ar,9,9,1,1
800566,2017,9,29,si4,na,si4,4,5,0,5,4,0,9,10,ar,ar,9,9,1,1
800567,2017,9,29,si4,na,si4,1,1,0,1,9,0,10,1,ar,ar,10,10,1,1
800568,2017,9,29,st10,st25,st25,4,3,0,3,6,0,9,,mc,mc,9,9,1,1
800569,2017,9,29,st10,st25,st25,4,1,0,1,8,0,9,seed pod had damaged region,mc,mc,9,9,1,1
800570,2017,9,29,st11,na,st11,4,6,1,7,2,0,9,,mc,mc,9,9,1,1
800571,2017,9,29,st9,na,st9,4,1,1,2,10,0,12,"shriveled = smaller, thinner",mc,mc,12,12,1,1
800572,2017,9,28,ne15,ne24,ne24,4,7,0,7,1,0,8,,mc,mc,8,8,1,1
800573,2017,9,28,ne15,ne24,ne24,4,5,0,5,5,0,10,,mc,mc,10,10,1,1
800574,2017,9,28,ne15,ne24,ne24,4,6,0,6,2,0,8,,mc,mc,8,8,1,1
800575,2017,9,28,ne15,ne24,ne24,4,3,0,3,5,0,8,,mc,mc,8,8,1,1
800576,2017,9,28,ne15,ne24,ne24,4,8,0,8,1,0,9,,mc,mc,9,9,1,1
800577,2017,9,28,ne15,ne24,ne24,4,8,0,8,2,0,10,,mc,mc,10,10,1,1
800578,2017,9,28,ne15,ne24,ne24,4,10,0,10,0,0,10,,mc,mc,10,10,1,1
800579,2017,9,28,ne15,ne24,ne24,4,8,0,8,1,0,9,,mc,mc,9,9,1,1
800580,2017,9,28,ne15,ne24,ne24,4,7,0,7,2,0,9,,mc,mc,9,9,1,1
800581,2017,9,28,ne9,na,ne9,4,9,1,10,2,0,12,"shriveled = brown, not black",mc,mc,12,12,1,1
800582,2017,9,28,ne12,ne30,ne30,4,9,1,10,0,0,10,"shriveled = lighter, thinner",mc,mc,10,10,1,1
800583,2017,9,28,ne12,ne30,ne30,4,7,1,8,0,0,8,"shriveled = smaller, lighter",mc,mc,8,8,1,1
800584,2017,9,28,ne12,ne30,ne30,4,8,2,10,0,0,10,,mc,mc,10,10,1,1
800585,2017,9,28,ne12,ne30,ne30,4,0,0,0,5,4,9,"aborted = tiny, burnt-looking",mc,mc,9,9,1,1
800586,2017,9,28,ne12,ne30,ne30,4,6,1,7,0,0,7,shriveled = lighter in color,mc,mc,7,7,1,1
800587,2017,9,28,ne12,ne30,ne30,4,4,0,4,5,0,9,,mc,mc,9,9,1,1
800588,2017,9,28,ne8,na,ne8,4,4,0,4,7,0,11,,mc,mc,11,11,1,1
800589,2017,9,28,ne8,na,ne8,4,7,0,7,4,0,11,,mc,mc,11,11,1,1
800590,2017,9,28,ne8,na,ne8,4,4,1,5,3,0,8,"shriveled = smaller, lighter in color",mc,mc,8,8,1,1
800591,2017,9,28,ne8,na,ne8,4,3,0,3,7,0,10,,mc,mc,10,10,1,1
800592,2017,9,28,ne7,na,ne7,4,7,1,8,3,0,11,shriveled = lighter in color,mc,mc,11,11,1,1
800593,2017,9,28,ne7,na,ne7,4,10,0,10,1,0,11,,mc,mc,11,11,1,1
800594,2017,9,28,ne7,na,ne7,4,7,0,7,4,0,11,,mc,mc,11,11,1,1
800595,2017,9,28,ne7,na,ne7,4,1,0,1,8,0,9,,mc,mc,9,9,1,1
800596,2017,9,28,ne13,na,ne13,4,10,0,10,1,0,11,,mc,mc,11,11,1,1
800597,2017,9,28,ne13,na,ne13,4,8,0,8,3,0,11,,mc,mc,11,11,1,1
800598,2017,9,28,ne11,na,ne11,4,6,0,6,2,0,8,,mc,mc,8,8,1,1
800599,2017,9,28,ne11,na,ne11,4,7,1,8,1,0,9,"shriveled = smaller, lighter",mc,mc,9,9,1,1
800600,2017,9,27,gr22,na,gr22,1,11,0,11,0,0,11,,mc,mc,11,11,1,1
800601,2017,9,27,gr21,na,gr21,1,7,0,7,4,0,11,,mc,mc,11,11,1,1
800602,2017,9,27,gr21,na,gr21,1,8,0,8,2,0,10,,mc,mc,10,10,1,1
800603,2017,9,27,gr21,na,gr21,1,8,0,8,0,0,8,pod had moldy-looking seeds,mc,mc,8,8,1,1
800604,2017,9,27,gr21,na,gr21,1,11,0,11,0,0,11,,mc,mc,11,11,1,1
800605,2017,9,27,gr21,na,gr21,1,6,0,6,4,0,10,,mc,mc,10,10,1,1
800606,2017,9,28,wo10,na,wo10,4,8,0,8,4,0,12,,mc,mc,12,12,1,1
800607,2017,9,28,wo13,na,wo13,4,2,0,2,4,0,6,,mc,mc,6,6,1,1
800608,2017,9,28,wo13,na,wo13,4,6,0,6,3,0,9,,mc,mc,9,9,1,1
800609,2017,9,28,wo13,na,wo13,4,7,0,7,1,0,8,,mc,mc,8,8,1,1
800610,2017,9,28,wo11,wo22,wo22,4,1,0,1,9,0,10,,mc,mc,10,10,1,1
800611,2017,9,28,wo11,wo22,wo22,4,3,0,3,10,0,13,,mc,mc,13,13,1,1
800612,2017,9,28,wo14,na,wo14,4,1,1,2,8,0,10,"shriveled = brown, not black",mc,mc,10,10,1,1
800613,2017,9,28,wo14,na,wo14,4,2,4,6,3,0,9,"shriveled = smaller, lighter",mc,mc,9,9,1,1
800614,2017,9,28,wo14,na,wo14,4,9,0,9,2,0,11,,mc,mc,11,11,1,1
800615,2017,9,28,wo14,na,wo14,4,6,4,10,1,0,11,,mc,mc,11,11,1,1
800616,2017,9,28,wo2,na,wo2,4,7,0,7,1,0,8,,mc,mc,8,8,1,1
800617,2017,9,28,wo5,na,wo5,4,5,2,7,2,0,9,shriveled = smaller,mc,mc,9,9,1,1
800618,2017,9,28,wo5,na,wo5,4,6,1,7,3,0,10,shriveled = smaller,mc,mc,10,10,1,1
800619,2017,9,28,wo5,na,wo5,4,4,4,8,1,0,9,shriveled = smaller,mc,mc,9,9,1,1
800620,2017,9,28,wo4,wo29,wo29,4,6,2,8,2,0,10,"shriveled = smaller, lighter",mc,mc,10,10,1,1
800621,2017,9,28,wo6,na,wo6,4,7,0,7,2,0,9,"shriveled = brown, not black",mc,mc,9,9,1,1
800622,2017,9,28,wo15,wo16,wo16,3,2,1,3,7,0,10,,mc,mc,10,10,1,1
800623,2017,9,28,wo15,wo16,wo16,4,3,0,3,5,0,8,"shriveled = smaller, thinner",mc,mc,8,8,1,1
800624,2017,9,28,gr19,na,gr19,1,7,2,9,2,0,11,,mc,mc,11,11,1,1
800625,2017,9,28,gr25,na,gr25,1,no seeds - seed pod was too twisted up on itself to be analyzed for virgin ovule counts,,,,,,"shriveled = smaller, lighter in color",mc,mc,#VALUE!,0,#VALUE!,#VALUE!
800626,2017,9,28,gr25,na,gr25,1,12,1,13,0,0,13,Tiny seed pod,mc,mc,13,13,1,1
800627,2017,9,28,gr25,na,gr25,1,4,0,4,0,0,4,,mc,mc,4,4,1,1
800628,2017,9,28,gr25,na,gr25,1,7,0,7,3,0,10,"smaller, pod is only partial seed pod",mc,mc,10,10,1,1
800629,2017,9,28,gr25,na,gr25,1,1,1,2,0,0,2,"shriveled = thin, darker, covered in fuzz - mold?",mc,mc,2,2,1,1
800630,2017,9,28,gr26,na,gr26,1,11,1,12,0,0,12,all seeds small and thin,mc,mc,12,12,1,1
800631,2017,9,28,si17,na,si17,2,10,2,12,1,0,13,"shriveled = small, thin, brown",mc,mc,13,13,1,1
800632,2017,9,28,si17,na,si17,2,0,11,11,1,0,12,,mc,mc,12,12,1,1
800633,2017,9,28,si17,na,si17,2,7,5,12,1,0,13,"shriveled = small, brown not black",mc,mc,13,13,1,1
800634,2017,9,28,gr23,na,gr23,2,9,2,11,4,0,15,"shriveled = small, brown not black",mc,mc,15,15,1,1
800635,2017,9,28,ru23,na,ru23,2,12,1,13,0,0,13,,mc,mc,13,13,1,1
800636,2017,9,28,ru23,na,ru23,2,4,1,5,8,0,13,,mc,mc,13,13,1,1
800637,2017,9,28,ho13,ho28,ho28,4,4,0,4,6,0,10,,mc,mc,10,10,1,1
800638,2017,9,28,ho13,ho28,ho28,4,6,0,6,2,0,8,,mc,mc,8,8,1,1
800639,2017,9,28,ho13,ho28,ho28,4,0,0,0,12,0,12,,mc,mc,12,12,1,1
800640,2017,9,28,ho13,ho28,ho28,4,4,0,4,7,0,11,,mc,mc,11,11,1,1
800641,2017,9,28,ho14,na,ho14,4,1,0,1,10,0,11,,mc,mc,11,11,1,1
800642,2017,9,28,ho4,na,ho4,4,9,0,9,1,0,10,,mc,mc,10,10,1,1
800643,2017,9,28,ho4,na,ho4,4,5,3,8,3,0,11,,mc,mc,11,11,1,1
800644,2017,9,28,ho4,na,ho4,4,3,0,3,7,0,10,,mc,mc,10,10,1,1
800645,2017,9,28,ho4,na,ho4,4,5,5,10,1,0,11,"shriveled = smaller, lighter",mc,mc,11,11,1,1
800646,2017,9,29,ho6,na,ho6,4,1,0,1,8,0,9,,mc,mc,9,9,1,1
800647,2017,9,29,ho7,ho23,ho23,4,2,2,4,5,1,10,shriveled = smaller; aborted = lighter in color,mc,mc,10,10,1,1
800648,2017,9,29,ho3,na,ho3,4,10,0,10,0,0,10,,,,10,10,1,1
800649,2017,9,29,ho3,na,ho3,4,9,0,9,0,0,9,,,,9,9,1,1
800650,2017,9,29,ho3,na,ho3,4,6,0,6,3,0,9,,,,9,9,1,1
800651,2017,9,29,ho3,na,ho3,4,7,0,7,1,0,8,,,,8,8,1,1
800652,2017,9,29,ho3,na,ho3,4,7,1,8,1,0,9,shriveled = much smaller than filled,,,9,9,1,1
800653,2017,9,29,ho3,na,ho3,4,8,0,8,1,0,9,,,,9,9,1,1
800654,2017,9,29,ho3,na,ho3,4,7,0,7,1,0,8,,,,8,8,1,1
800655,2017,9,29,ho3,na,ho3,4,0,6,6,1,0,7,seeds all small and thin,,,7,7,1,1
800656,2017,9,29,ho3,na,ho3,4,10,0,10,0,0,10,,,,10,10,1,1
800657,2017,9,29,ho3,na,ho3,4,8,0,8,1,0,9,,,,9,9,1,1
800658,2017,9,29,ho3,na,ho3,4,7,0,7,1,0,8,,,,8,8,1,1
800660,2017,9,29,ho3,na,ho3,4,8,2,10,0,0,10,"shriveled = small, brown not black;frt 13 dropped 11-13; uncertain if treated so dropped",,,10,10,1,1
800661,2017,9,29,gr5,na,gr5,4,3,2,5,4,0,9,"shriveled = smaller, lighter",,,9,9,1,1
800662,2017,9,29,gr5,na,gr5,4,1,3,4,3,0,7,"shriveled = thinner, lighter in color",,,7,7,1,1
800663,2017,9,29,gr5,na,gr5,4,6,2,8,2,0,10,shriveled = smaller,,,10,10,1,1
800664,2017,9,29,gr5,na,gr5,4,8,0,8,1,0,9,,,,9,9,1,1
800665,2017,9,29,gr8,gr18,gr18,4,9,1,10,1,0,11,"shriveled = smaller, lighter",,,11,11,1,1
800666,2017,9,29,ho11,na,ho11,4,1,0,1,6,0,7,,,,7,7,1,1
800667,2017,9,29,ho12,ho18,ho18,4,6,0,6,4,0,10,,,,10,10,1,1
800668,2017,9,29,ho12,ho18,ho18,4,9,0,9,1,0,10,,,,10,10,1,1
800669,2017,9,29,ho12,ho18,ho18,4,0,1,1,8,2,11,"shriveled = smaller, flaky; aborted = ""burnt-looking""",,,11,11,1,1
800670,2017,9,29,ho12,ho18,ho18,4,6,0,6,4,0,10,,,,10,10,1,1
800671,2017,9,29,ho10,ho29,ho29,3,5,6,11,0,0,11,"shriveled = smaller, lighter",,,11,11,1,1
800672,2017,9,29,ho10,ho29,ho29,4,3,0,3,4,0,7,,,,7,7,1,1
800673,2017,9,29,ho10,ho29,ho29,4,10,0,10,0,0,10,,,,10,10,1,1
800674,2017,9,29,ho10,ho29,ho29,4,4,0,4,6,0,10,,,,10,10,1,1
800675,2017,9,29,ho9,na,ho9,4,2,1,3,8,0,11,"shriveled = small, thin, lighter in color",,,11,11,1,1
800676,2017,9,29,ho9,na,ho9,4,1,5,6,5,0,11,"shriveled = smaller, thinner",,,11,11,1,1
800677,2017,9,29,ho9,na,ho9,4,2,1,3,8,0,11,"shriveled = smaller, lighter",,,11,11,1,1
800678,2017,9,29,gr2,na,gr2,4,9,0,9,0,0,9,,,,9,9,1,1
800679,2017,9,29,gr9,na,gr9,4,1,0,1,8,0,9,,,,9,9,1,1
800680,2017,9,29,gr9,na,gr9,4,13,0,13,0,0,13,,,,13,13,1,1
800681,2017,9,29,gr9,na,gr9,4,7,0,7,6,0,13,,,,13,13,1,1
800682,2017,9,29,gr9,na,gr9,4,1,2,3,9,0,12,"shriveled = smaller, same color",,,12,12,1,1
800683,2017,9,29,gr10,gr27,gr27,4,1,1,2,5,0,7,,,,7,7,1,1
800684,2017,9,29,gr10,gr27,gr27,4,2,0,2,10,0,12,,,,12,12,1,1
800685,2017,9,22,he27,na,he27,1,8,0,8,0,2,10,1//brown not black seeds,,,10,10,1,1
800686,2017,9,22,he16,na,he16,1,9,0,9,0,2,11,1//brown not black seeds,,,11,11,1,1
800687,2017,9,22,he10,na,he10,1,6,0,6,5,2,13,,,,13,13,1,1
800688,2017,9,22,ny27,na,ny27,1,6,0,6,5,0,11,,,,11,11,1,1
800689,2017,9,22,ny25,na,ny25,1,10,0,10,2,2,14,1//shriv brown,,,14,14,1,1
800690,2017,9,22,ny25,na,ny25,1,3,0,3,10,0,13,2,,,13,13,1,1
800691,2017,9,22,ny25,na,ny25,1,6,0,6,7,0,13,3,,,13,13,1,1
800692,2017,9,22,ny25,na,ny25,1,5,0,5,7,0,12,4,,,12,12,1,1
800693,2017,9,22,ny25,na,ny25,1,4,0,4,8,0,12,5,,,12,12,1,1
800694,2017,9,22,ny25,na,ny25,1,2,0,2,8,3,13,6,,,13,13,1,1
800695,2017,9,22,ny23,na,ny23,1,10,0,10,2,0,12,,,,12,12,1,1
800696,2017,9,22,he17,na,he17,1,8,0,8,3,0,11,,,,11,11,1,1
800697,2017,9,22,ny19,na,ny19,1,6,0,6,5,0,11,1,,,11,11,1,1
800698,2017,9,22,ny19,na,ny19,1,2,0,2,10,0,12,2,,,12,12,1,1
800699,2017,9,22,ny19,na,ny19,1,3,0,3,7,0,10,3,,,10,10,1,1
800700,2017,9,22,he28,na,he28,1,4,0,4,10,0,14,,,,14,14,1,1
800701,2017,9,22,he28,na,he28,1,1,0,1,8,0,9,2,,,9,9,1,1
800702,2017,9,22,ny29,na,ny29,1,2,0,2,11,0,13,1,,,13,13,1,1
800703,2017,9,22,ny29,na,ny29,1,4,0,4,8,0,12,2,,,12,12,1,1
800704,2017,9,22,he8,na,he8,1,7,0,7,6,0,13,1,,,13,13,1,1
800705,2017,9,22,he8,na,he8,1,4,0,4,2,6,12,2,,,12,12,1,1
800706,2017,9,22,ny18,na,ny18,1,3,1,4,9,0,13,1,,,13,13,1,1
800707,2017,9,22,ny18,na,ny18,1,8,0,8,5,1,14,2,,,14,14,1,1
